Run,ReleaseDate,LoadDate,spots,bases,spots_with_mates,avgLength,size_MB,AssemblyName,download_path,Experiment,LibraryName,LibraryStrategy,LibrarySelection,LibrarySource,LibraryLayout,InsertSize,InsertDev,Platform,Model,SRAStudy,BioProject,Study_Pubmed_id,ProjectID,Sample,BioSample,SampleType,TaxID,ScientificName,SampleName,g1k_pop_code,source,g1k_analysis_group,Subject_ID,Sex,Disease,Tumor,Affection_Status,Analyte_Type,Histological_Type,Body_Site,CenterName,Submission,dbgap_study_accession,Consent,RunHash,ReadHash
SRR10803252,2020-02-04 22:21:12,2019-12-30 08:27:07,345794,72124751,0,208,54,,https://sra-downloadb.be-md.ncbi.nlm.nih.gov/sos5/sra-pub-zq-16/SRR010/10803/SRR10803252/SRR10803252.lite.1,SRX7477246,mid89,AMPLICON,PCR,METAGENOMIC,SINGLE,0,0,ION_TORRENT,Ion Torrent PGM,SRP239048,PRJNA596613,,596613,SRS5920876,SAMN13698643,simple,1447863,clinical metagenome,mid89,,,,,,,no,,,,,"MANIPAL SCHOOL OF LIFE SCIENCES, MANIPAL ACADEMY OF HIGHER EDUCATION",SRA1017661,,public,F159C81585665944AC7519E50AFF888B,2DC167113B2B0572A387084F901C9BCE
SRR10803251,2020-02-04 22:21:12,2019-12-30 08:27:07,263964,53366910,0,202,40,,https://sra-downloadb.be-md.ncbi.nlm.nih.gov/sos5/sra-pub-zq-16/SRR010/10803/SRR10803251/SRR10803251.lite.1,SRX7477247,mid90,AMPLICON,PCR,METAGENOMIC,SINGLE,0,0,ION_TORRENT,Ion Torrent PGM,SRP239048,PRJNA596613,,596613,SRS5920877,SAMN13698644,simple,1447863,clinical metagenome,mid90,,,,,,,no,,,,,"MANIPAL SCHOOL OF LIFE SCIENCES, MANIPAL ACADEMY OF HIGHER EDUCATION",SRA1017661,,public,4F5BFDBB77291301E9EFC9D0E7046BE5,8E0212BD3EAB7CC0139576C31DAD7C72
SRR10803250,2020-02-04 22:21:12,2019-12-30 08:27:22,602654,141547177,0,234,97,,https://sra-downloadb.be-md.ncbi.nlm.nih.gov/sos5/sra-pub-zq-14/SRR010/10803/SRR10803250/SRR10803250.lite.1,SRX7477248,mid10,AMPLICON,PCR,METAGENOMIC,SINGLE,0,0,ION_TORRENT,Ion Torrent PGM,SRP239048,PRJNA596613,,596613,SRS5920878,SAMN13698564,simple,1447863,clinical metagenome,mid10,,,,,,,no,,,,,"MANIPAL SCHOOL OF LIFE SCIENCES, MANIPAL ACADEMY OF HIGHER EDUCATION",SRA1017661,,public,35F381C5CA030115AECA7DDCDA12F4F6,27D22710DAA2D97E7D23770EFAC07C67
SRR10803249,2020-02-04 22:21:12,2019-12-30 08:26:45,82536,16941729,0,205,12,,https://sra-downloadb.be-md.ncbi.nlm.nih.gov/sos5/sra-pub-zq-16/SRR010/10803/SRR10803249/SRR10803249.lite.1,SRX7477249,mid91,AMPLICON,PCR,METAGENOMIC,SINGLE,0,0,ION_TORRENT,Ion Torrent PGM,SRP239048,PRJNA596613,,596613,SRS5920879,SAMN13698645,simple,1447863,clinical metagenome,mid91,,,,,,,no,,,,,"MANIPAL SCHOOL OF LIFE SCIENCES, MANIPAL ACADEMY OF HIGHER EDUCATION",SRA1017661,,public,73C8E7BFB11856C29B9974E4B6FA4DDD,530A4EBB97ACE9DA0346C1C5122782C7
SRR10803248,2020-02-04 22:21:12,2019-12-30 08:26:48,430561,96025988,0,223,69,,https://sra-downloadb.be-md.ncbi.nlm.nih.gov/sos5/sra-pub-zq-16/SRR010/10803/SRR10803248/SRR10803248.lite.1,SRX7477250,mid92,AMPLICON,PCR,METAGENOMIC,SINGLE,0,0,ION_TORRENT,Ion Torrent PGM,SRP239048,PRJNA596613,,596613,SRS5920880,SAMN13698646,simple,1447863,clinical metagenome,mid92,,,,,,,no,,,,,"MANIPAL SCHOOL OF LIFE SCIENCES, MANIPAL ACADEMY OF HIGHER EDUCATION",SRA1017661,,public,1E898515E5086537E320D17E6F0DC51D,EF01BBEAB21A85F199E4D75566A45664
SRR10803257,2020-02-04 22:21:12,2019-12-30 08:27:51,537469,119186794,0,221,86,,https://sra-downloadb.be-md.ncbi.nlm.nih.gov/sos5/sra-pub-zq-14/SRR010/10803/SRR10803257/SRR10803257.lite.1,SRX7477241,mid84,AMPLICON,PCR,METAGENOMIC,SINGLE,0,0,ION_TORRENT,Ion Torrent PGM,SRP239048,PRJNA596613,,596613,SRS5920871,SAMN13698638,simple,1447863,clinical metagenome,mid84,,,,,,,no,,,,,"MANIPAL SCHOOL OF LIFE SCIENCES, MANIPAL ACADEMY OF HIGHER EDUCATION",SRA1017661,,public,CEAF88ED2B0ED5F90CB5906F49EA0B5A,72FF2DA5B369BDA1C6BABF58EB7E8E5C
SRR10803256,2020-02-04 22:21:12,2019-12-30 08:27:42,614066,134766267,0,219,97,,https://sra-downloadb.be-md.ncbi.nlm.nih.gov/sos5/sra-pub-zq-14/SRR010/10803/SRR10803256/SRR10803256.lite.1,SRX7477242,mid85,AMPLICON,PCR,METAGENOMIC,SINGLE,0,0,ION_TORRENT,Ion Torrent PGM,SRP239048,PRJNA596613,,596613,SRS5920872,SAMN13698639,simple,1447863,clinical metagenome,mid85,,,,,,,no,,,,,"MANIPAL SCHOOL OF LIFE SCIENCES, MANIPAL ACADEMY OF HIGHER EDUCATION",SRA1017661,,public,A7DC2E19C34CA1ABBF9F174E4FA05EE6,3E32E76E5C3166C8FCF1D8F1AFEF9224
SRR10803255,2020-02-04 22:21:12,2019-12-30 08:27:34,609752,130006695,0,213,94,,https://sra-downloadb.be-md.ncbi.nlm.nih.gov/sos5/sra-pub-zq-14/SRR010/10803/SRR10803255/SRR10803255.lite.1,SRX7477243,mid86,AMPLICON,PCR,METAGENOMIC,SINGLE,0,0,ION_TORRENT,Ion Torrent PGM,SRP239048,PRJNA596613,,596613,SRS5920873,SAMN13698640,simple,1447863,clinical metagenome,mid86,,,,,,,no,,,,,"MANIPAL SCHOOL OF LIFE SCIENCES, MANIPAL ACADEMY OF HIGHER EDUCATION",SRA1017661,,public,9ECE5B555C18E781536C6FA96010FBC3,1AFDC20B065A78E57FBB3C314D24FB41
SRR10803254,2020-02-04 22:21:12,2019-12-30 08:27:31,548390,114707483,0,209,86,,https://sra-downloadb.be-md.ncbi.nlm.nih.gov/sos5/sra-pub-zq-14/SRR010/10803/SRR10803254/SRR10803254.lite.1,SRX7477244,mid87,AMPLICON,PCR,METAGENOMIC,SINGLE,0,0,ION_TORRENT,Ion Torrent PGM,SRP239048,PRJNA596613,,596613,SRS5920874,SAMN13698641,simple,1447863,clinical metagenome,mid87,,,,,,,no,,,,,"MANIPAL SCHOOL OF LIFE SCIENCES, MANIPAL ACADEMY OF HIGHER EDUCATION",SRA1017661,,public,70F0C87AC9AC37EF178864D1323ACC2F,F0F1957A0335EA3DB1EA432C727FDA43
SRR10803253,2020-02-04 22:21:12,2019-12-30 08:27:22,553246,122823738,0,222,87,,https://sra-downloadb.be-md.ncbi.nlm.nih.gov/sos5/sra-pub-zq-16/SRR010/10803/SRR10803253/SRR10803253.lite.1,SRX7477245,mid88,AMPLICON,PCR,METAGENOMIC,SINGLE,0,0,ION_TORRENT,Ion Torrent PGM,SRP239048,PRJNA596613,,596613,SRS5920875,SAMN13698642,simple,1447863,clinical metagenome,mid88,,,,,,,no,,,,,"MANIPAL SCHOOL OF LIFE SCIENCES, MANIPAL ACADEMY OF HIGHER EDUCATION",SRA1017661,,public,3EA502925C7BD58665B0BDC4DB7C9919,465C29FE3FE7CCCB24419EF19D42B383
SRR10803262,2020-02-04 22:21:12,2019-12-30 08:28:14,563879,124493999,0,220,89,,https://sra-downloadb.be-md.ncbi.nlm.nih.gov/sos5/sra-pub-zq-14/SRR010/10803/SRR10803262/SRR10803262.lite.1,SRX7477236,mid80,AMPLICON,PCR,METAGENOMIC,SINGLE,0,0,ION_TORRENT,Ion Torrent PGM,SRP239048,PRJNA596613,,596613,SRS5920866,SAMN13698634,simple,1447863,clinical metagenome,mid80,,,,,,,no,,,,,"MANIPAL SCHOOL OF LIFE SCIENCES, MANIPAL ACADEMY OF HIGHER EDUCATION",SRA1017661,,public,E2FDFC33135683A46F8DA189FB44867D,3B767E83E6D1C1ED8EF74142618B5EE0
SRR10803261,2020-02-04 22:21:12,2019-12-30 08:28:07,513480,121839953,0,237,85,,https://sra-downloadb.be-md.ncbi.nlm.nih.gov/sos5/sra-pub-zq-14/SRR010/10803/SRR10803261/SRR10803261.lite.1,SRX7477237,mid9,AMPLICON,PCR,METAGENOMIC,SINGLE,0,0,ION_TORRENT,Ion Torrent PGM,SRP239048,PRJNA596613,,596613,SRS5920867,SAMN13698563,simple,1447863,clinical metagenome,mid9,,,,,,,no,,,,,"MANIPAL SCHOOL OF LIFE SCIENCES, MANIPAL ACADEMY OF HIGHER EDUCATION",SRA1017661,,public,7BDD8BE7BE73205593348537553CEB28,8DA9E3BB98C46AD82A95BF975571E551
SRR10803260,2020-02-04 22:21:12,2019-12-30 08:27:52,279824,63602172,0,227,45,,https://sra-downloadb.be-md.ncbi.nlm.nih.gov/sos5/sra-pub-zq-14/SRR010/10803/SRR10803260/SRR10803260.lite.1,SRX7477238,mid81,AMPLICON,PCR,METAGENOMIC,SINGLE,0,0,ION_TORRENT,Ion Torrent PGM,SRP239048,PRJNA596613,,596613,SRS5920868,SAMN13698635,simple,1447863,clinical metagenome,mid81,,,,,,,no,,,,,"MANIPAL SCHOOL OF LIFE SCIENCES, MANIPAL ACADEMY OF HIGHER EDUCATION",SRA1017661,,public,6173AA5FEE85C6511E1402C46EA18596,BC2B14039336BB4100C3519C39759891
SRR10803259,2020-02-04 22:21:12,2019-12-30 08:28:11,622006,133058366,0,213,96,,https://sra-downloadb.be-md.ncbi.nlm.nih.gov/sos5/sra-pub-zq-14/SRR010/10803/SRR10803259/SRR10803259.lite.1,SRX7477239,mid82,AMPLICON,PCR,METAGENOMIC,SINGLE,0,0,ION_TORRENT,Ion Torrent PGM,SRP239048,PRJNA596613,,596613,SRS5920869,SAMN13698636,simple,1447863,clinical metagenome,mid82,,,,,,,no,,,,,"MANIPAL SCHOOL OF LIFE SCIENCES, MANIPAL ACADEMY OF HIGHER EDUCATION",SRA1017661,,public,F66E7278F862FABB42CED4B887A7B98F,644B8A00AC54ED1D423FCF678DD43405
SRR10803258,2020-02-04 22:21:12,2019-12-30 08:27:59,430469,92003897,0,213,67,,https://sra-downloadb.be-md.ncbi.nlm.nih.gov/sos5/sra-pub-zq-14/SRR010/10803/SRR10803258/SRR10803258.lite.1,SRX7477240,mid83,AMPLICON,PCR,METAGENOMIC,SINGLE,0,0,ION_TORRENT,Ion Torrent PGM,SRP239048,PRJNA596613,,596613,SRS5920870,SAMN13698637,simple,1447863,clinical metagenome,mid83,,,,,,,no,,,,,"MANIPAL SCHOOL OF LIFE SCIENCES, MANIPAL ACADEMY OF HIGHER EDUCATION",SRA1017661,,public,97D76027E7544F4E3DBA50C3AEBD341E,38077FD3FBC1ACF09521C683E7E779F1
SRR10803267,2020-02-04 22:21:12,2019-12-30 08:28:28,393703,93811441,0,238,63,,https://sra-downloadb.be-md.ncbi.nlm.nih.gov/sos5/sra-pub-zq-16/SRR010/10803/SRR10803267/SRR10803267.lite.1,SRX7477231,mid46,AMPLICON,PCR,METAGENOMIC,SINGLE,0,0,ION_TORRENT,Ion Torrent PGM,SRP239048,PRJNA596613,,596613,SRS5920861,SAMN13698600,simple,1447863,clinical metagenome,mid46,,,,,,,no,,,,,"MANIPAL SCHOOL OF LIFE SCIENCES, MANIPAL ACADEMY OF HIGHER EDUCATION",SRA1017661,,public,B420DC8FE65D5B542684E87CEA3645D9,4488092AE9CD5D66E3F84D7C5F1F9F07
SRR10803266,2020-02-04 22:21:12,2019-12-30 08:28:24,277526,68935088,0,248,47,,https://sra-downloadb.be-md.ncbi.nlm.nih.gov/sos5/sra-pub-zq-16/SRR010/10803/SRR10803266/SRR10803266.lite.1,SRX7477232,mid47,AMPLICON,PCR,METAGENOMIC,SINGLE,0,0,ION_TORRENT,Ion Torrent PGM,SRP239048,PRJNA596613,,596613,SRS5920862,SAMN13698601,simple,1447863,clinical metagenome,mid47,,,,,,,no,,,,,"MANIPAL SCHOOL OF LIFE SCIENCES, MANIPAL ACADEMY OF HIGHER EDUCATION",SRA1017661,,public,E96CBFEEB45CA22A39E7894C1FDA0C0B,D44F1C1019F51DB2D8E2A4517A14A56F
SRR10803265,2020-02-04 22:21:12,2019-12-30 08:28:24,433400,105308435,0,242,70,,https://sra-downloadb.be-md.ncbi.nlm.nih.gov/sos5/sra-pub-zq-16/SRR010/10803/SRR10803265/SRR10803265.lite.1,SRX7477233,mid48,AMPLICON,PCR,METAGENOMIC,SINGLE,0,0,ION_TORRENT,Ion Torrent PGM,SRP239048,PRJNA596613,,596613,SRS5920863,SAMN13698602,simple,1447863,clinical metagenome,mid48,,,,,,,no,,,,,"MANIPAL SCHOOL OF LIFE SCIENCES, MANIPAL ACADEMY OF HIGHER EDUCATION",SRA1017661,,public,CABCF9D94441FDDB601DF53051C5CC8E,61D9C26D6E0B0C92413D789808FB48C4
SRR10803264,2020-02-04 22:21:12,2019-12-30 08:28:14,382324,78791866,0,206,57,,https://sra-downloadb.be-md.ncbi.nlm.nih.gov/sos5/sra-pub-zq-16/SRR010/10803/SRR10803264/SRR10803264.lite.1,SRX7477234,mid49,AMPLICON,PCR,METAGENOMIC,SINGLE,0,0,ION_TORRENT,Ion Torrent PGM,SRP239048,PRJNA596613,,596613,SRS5920864,SAMN13698603,simple,1447863,clinical metagenome,mid49,,,,,,,no,,,,,"MANIPAL SCHOOL OF LIFE SCIENCES, MANIPAL ACADEMY OF HIGHER EDUCATION",SRA1017661,,public,7473623873E0B62D9C27E8D3EDE0B9DF,5494AE72A9B3721026C6A94B23E9FCF5
SRR10803263,2020-02-04 22:21:12,2019-12-30 08:28:19,429788,92151697,0,214,67,,https://sra-downloadb.be-md.ncbi.nlm.nih.gov/sos5/sra-pub-zq-16/SRR010/10803/SRR10803263/SRR10803263.lite.1,SRX7477235,mid79,AMPLICON,PCR,METAGENOMIC,SINGLE,0,0,ION_TORRENT,Ion Torrent PGM,SRP239048,PRJNA596613,,596613,SRS5920865,SAMN13698633,simple,1447863,clinical metagenome,mid79,,,,,,,no,,,,,"MANIPAL SCHOOL OF LIFE SCIENCES, MANIPAL ACADEMY OF HIGHER EDUCATION",SRA1017661,,public,3A2207B48F5AD1976517EA8FC035AFD6,2DD52F9B83CF8420683B5A4854A8F9BC
SRR10803272,2020-02-04 22:21:12,2019-12-30 08:28:22,5304,1211022,0,228,0,,https://sra-downloadb.be-md.ncbi.nlm.nih.gov/sos4/sra-pub-zq-1/SRR010/10803/SRR10803272/SRR10803272.lite.1,SRX7477226,mid41,AMPLICON,PCR,METAGENOMIC,SINGLE,0,0,ION_TORRENT,Ion Torrent PGM,SRP239048,PRJNA596613,,596613,SRS5920856,SAMN13698595,simple,1447863,clinical metagenome,mid41,,,,,,,no,,,,,"MANIPAL SCHOOL OF LIFE SCIENCES, MANIPAL ACADEMY OF HIGHER EDUCATION",SRA1017661,,public,ADCA91042F2A8F7937EF7C95F13B296D,C8C26E45896CB31F0188733B6268104C
SRR10803271,2020-02-04 22:21:12,2019-12-30 08:28:34,199283,45465467,0,228,31,,https://sra-downloadb.be-md.ncbi.nlm.nih.gov/sos5/sra-pub-zq-16/SRR010/10803/SRR10803271/SRR10803271.lite.1,SRX7477227,mid42,AMPLICON,PCR,METAGENOMIC,SINGLE,0,0,ION_TORRENT,Ion Torrent PGM,SRP239048,PRJNA596613,,596613,SRS5920857,SAMN13698596,simple,1447863,clinical metagenome,mid42,,,,,,,no,,,,,"MANIPAL SCHOOL OF LIFE SCIENCES, MANIPAL ACADEMY OF HIGHER EDUCATION",SRA1017661,,public,FE2888469BB5EAB3DA50552C7FEAB3B6,D00B1FD80D777E08D6DB523698A1E165
SRR10803270,2020-02-04 22:21:12,2019-12-30 08:28:29,294704,66693948,0,226,45,,https://sra-downloadb.be-md.ncbi.nlm.nih.gov/sos5/sra-pub-zq-16/SRR010/10803/SRR10803270/SRR10803270.lite.1,SRX7477228,mid43,AMPLICON,PCR,METAGENOMIC,SINGLE,0,0,ION_TORRENT,Ion Torrent PGM,SRP239048,PRJNA596613,,596613,SRS5920858,SAMN13698597,simple,1447863,clinical metagenome,mid43,,,,,,,no,,,,,"MANIPAL SCHOOL OF LIFE SCIENCES, MANIPAL ACADEMY OF HIGHER EDUCATION",SRA1017661,,public,B902B244411F1A2D61DE12DE944E18FB,3D659D0549A9671B3CB39218201D0250
SRR10803269,2020-02-04 22:21:12,2019-12-30 08:28:32,249731,54267006,0,217,37,,https://sra-downloadb.be-md.ncbi.nlm.nih.gov/sos5/sra-pub-zq-16/SRR010/10803/SRR10803269/SRR10803269.lite.1,SRX7477229,mid44,AMPLICON,PCR,METAGENOMIC,SINGLE,0,0,ION_TORRENT,Ion Torrent PGM,SRP239048,PRJNA596613,,596613,SRS5920859,SAMN13698598,simple,1447863,clinical metagenome,mid44,,,,,,,no,,,,,"MANIPAL SCHOOL OF LIFE SCIENCES, MANIPAL ACADEMY OF HIGHER EDUCATION",SRA1017661,,public,0D69FD5218ECDA8469EC336467002183,872ED9397D3A9489C7C89461EC5A00AC
SRR10803268,2020-02-04 22:21:12,2019-12-30 08:28:34,421118,103784010,0,246,70,,https://sra-downloadb.be-md.ncbi.nlm.nih.gov/sos5/sra-pub-zq-16/SRR010/10803/SRR10803268/SRR10803268.lite.1,SRX7477230,mid45,AMPLICON,PCR,METAGENOMIC,SINGLE,0,0,ION_TORRENT,Ion Torrent PGM,SRP239048,PRJNA596613,,596613,SRS5920860,SAMN13698599,simple,1447863,clinical metagenome,mid45,,,,,,,no,,,,,"MANIPAL SCHOOL OF LIFE SCIENCES, MANIPAL ACADEMY OF HIGHER EDUCATION",SRA1017661,,public,C39514E696F5634F4B5AABEBD8AF2DBD,F9B31E8FEB94F66FC2F6540C26FE7093
SRR10803277,2020-02-04 22:21:12,2019-12-30 08:28:52,350540,79091049,0,225,59,,https://sra-downloadb.be-md.ncbi.nlm.nih.gov/sos5/sra-pub-zq-16/SRR010/10803/SRR10803277/SRR10803277.lite.1,SRX7477221,mid37,AMPLICON,PCR,METAGENOMIC,SINGLE,0,0,ION_TORRENT,Ion Torrent PGM,SRP239048,PRJNA596613,,596613,SRS5920851,SAMN13698591,simple,1447863,clinical metagenome,mid37,,,,,,,no,,,,,"MANIPAL SCHOOL OF LIFE SCIENCES, MANIPAL ACADEMY OF HIGHER EDUCATION",SRA1017661,,public,5ECD53629788C452CD644A61105B21C6,41ABDFC8A5A0142D7C03F8F831FA1B47
SRR10803276,2020-02-04 22:21:12,2019-12-30 08:28:48,286979,57871165,0,201,43,,https://sra-downloadb.be-md.ncbi.nlm.nih.gov/sos5/sra-pub-zq-16/SRR010/10803/SRR10803276/SRR10803276.lite.1,SRX7477222,mid38,AMPLICON,PCR,METAGENOMIC,SINGLE,0,0,ION_TORRENT,Ion Torrent PGM,SRP239048,PRJNA596613,,596613,SRS5920852,SAMN13698592,simple,1447863,clinical metagenome,mid38,,,,,,,no,,,,,"MANIPAL SCHOOL OF LIFE SCIENCES, MANIPAL ACADEMY OF HIGHER EDUCATION",SRA1017661,,public,9C90C7A7E5975C66F7B30ECE487D5575,3EA631AEC374112D78C737FD1DDA49EC
SRR10803275,2020-02-04 22:21:12,2019-12-30 08:28:48,273589,58081652,0,212,43,,https://sra-downloadb.be-md.ncbi.nlm.nih.gov/sos5/sra-pub-zq-16/SRR010/10803/SRR10803275/SRR10803275.lite.1,SRX7477223,mid39,AMPLICON,PCR,METAGENOMIC,SINGLE,0,0,ION_TORRENT,Ion Torrent PGM,SRP239048,PRJNA596613,,596613,SRS5920853,SAMN13698593,simple,1447863,clinical metagenome,mid39,,,,,,,no,,,,,"MANIPAL SCHOOL OF LIFE SCIENCES, MANIPAL ACADEMY OF HIGHER EDUCATION",SRA1017661,,public,C6EA34A4D5139B418FA287DA34E4AD01,FCF890340112DDD69B1B48E78591F3EB
SRR10803274,2020-02-04 22:21:12,2019-12-30 08:28:34,292270,61709868,0,211,43,,https://sra-downloadb.be-md.ncbi.nlm.nih.gov/sos5/sra-pub-zq-16/SRR010/10803/SRR10803274/SRR10803274.lite.1,SRX7477224,mid40,AMPLICON,PCR,METAGENOMIC,SINGLE,0,0,ION_TORRENT,Ion Torrent PGM,SRP239048,PRJNA596613,,596613,SRS5920854,SAMN13698594,simple,1447863,clinical metagenome,mid40,,,,,,,no,,,,,"MANIPAL SCHOOL OF LIFE SCIENCES, MANIPAL ACADEMY OF HIGHER EDUCATION",SRA1017661,,public,D7C55F9DC289A3221106A4C83E89506B,90CB0BC7BF5B225FAD57B4F45475E536
SRR10803273,2020-02-04 22:21:12,2019-12-30 08:28:38,276372,55908277,0,202,42,,https://sra-downloadb.be-md.ncbi.nlm.nih.gov/sos5/sra-pub-zq-16/SRR010/10803/SRR10803273/SRR10803273.lite.1,SRX7477225,mid5,AMPLICON,PCR,METAGENOMIC,SINGLE,0,0,ION_TORRENT,Ion Torrent PGM,SRP239048,PRJNA596613,,596613,SRS5920855,SAMN13698559,simple,1447863,clinical metagenome,mid5,,,,,,,no,,,,,"MANIPAL SCHOOL OF LIFE SCIENCES, MANIPAL ACADEMY OF HIGHER EDUCATION",SRA1017661,,public,D48A50381536415F37C5F850E7F78E69,70A6F913F016212C41C10FFAE482E849
SRR10803282,2020-02-04 22:21:11,2019-12-30 08:28:53,55201,11784376,0,213,8,,https://sra-downloadb.be-md.ncbi.nlm.nih.gov/sos4/sra-pub-zq-1/SRR010/10803/SRR10803282/SRR10803282.lite.1,SRX7477216,mid112,AMPLICON,PCR,METAGENOMIC,SINGLE,0,0,ION_TORRENT,Ion Torrent PGM,SRP239048,PRJNA596613,,596613,SRS5920846,SAMN13698666,simple,1447863,clinical metagenome,mid112,,,,,,,no,,,,,"MANIPAL SCHOOL OF LIFE SCIENCES, MANIPAL ACADEMY OF HIGHER EDUCATION",SRA1017661,,public,8C3805902CD19F8138EB1A371B604B6E,85BB52297D2829BF09A99759AD66249C
SRR10803281,2020-02-04 22:21:11,2019-12-30 08:28:55,187384,36788641,0,196,27,,https://sra-downloadb.be-md.ncbi.nlm.nih.gov/sos5/sra-pub-zq-16/SRR010/10803/SRR10803281/SRR10803281.lite.1,SRX7477217,mid113,AMPLICON,PCR,METAGENOMIC,SINGLE,0,0,ION_TORRENT,Ion Torrent PGM,SRP239048,PRJNA596613,,596613,SRS5920847,SAMN13698667,simple,1447863,clinical metagenome,mid113,,,,,,,no,,,,,"MANIPAL SCHOOL OF LIFE SCIENCES, MANIPAL ACADEMY OF HIGHER EDUCATION",SRA1017661,,public,61AE3242E8F9953BAC63FB5E7220521B,E3E8BBBE5839D9FEEDC5D1E4281A9BB3
SRR10803280,2020-02-04 22:21:11,2019-12-30 08:28:50,132500,27802051,0,209,20,,https://sra-downloadb.be-md.ncbi.nlm.nih.gov/sos5/sra-pub-zq-16/SRR010/10803/SRR10803280/SRR10803280.lite.1,SRX7477218,mid114,AMPLICON,PCR,METAGENOMIC,SINGLE,0,0,ION_TORRENT,Ion Torrent PGM,SRP239048,PRJNA596613,,596613,SRS5920848,SAMN13698668,simple,1447863,clinical metagenome,mid114,,,,,,,no,,,,,"MANIPAL SCHOOL OF LIFE SCIENCES, MANIPAL ACADEMY OF HIGHER EDUCATION",SRA1017661,,public,9A91675DD8D145C0CDFE5D03367614D3,9998507D7EF29CB2BA841DF137481768
SRR10803279,2020-02-04 22:21:11,2019-12-30 08:28:52,147873,35497049,0,240,24,,https://sra-downloadb.be-md.ncbi.nlm.nih.gov/sos5/sra-pub-zq-16/SRR010/10803/SRR10803279/SRR10803279.lite.1,SRX7477219,mid35,AMPLICON,PCR,METAGENOMIC,SINGLE,0,0,ION_TORRENT,Ion Torrent PGM,SRP239048,PRJNA596613,,596613,SRS5920849,SAMN13698589,simple,1447863,clinical metagenome,mid35,,,,,,,no,,,,,"MANIPAL SCHOOL OF LIFE SCIENCES, MANIPAL ACADEMY OF HIGHER EDUCATION",SRA1017661,,public,55AA1C3207F0D72924E33426172BB087,F462C83E790D6ACE9097F3A28E99D075
SRR10803278,2020-02-04 22:21:11,2019-12-30 08:28:46,43292,10488267,0,242,7,,https://sra-downloadb.be-md.ncbi.nlm.nih.gov/sos4/sra-pub-zq-1/SRR010/10803/SRR10803278/SRR10803278.lite.1,SRX7477220,mid36,AMPLICON,PCR,METAGENOMIC,SINGLE,0,0,ION_TORRENT,Ion Torrent PGM,SRP239048,PRJNA596613,,596613,SRS5920850,SAMN13698590,simple,1447863,clinical metagenome,mid36,,,,,,,no,,,,,"MANIPAL SCHOOL OF LIFE SCIENCES, MANIPAL ACADEMY OF HIGHER EDUCATION",SRA1017661,,public,D9E549DA3A8299BEB614A234A12F3A23,7F873550FB213819DC4607584CC62664
SRR10803287,2020-02-04 22:21:12,2019-12-30 08:29:20,312446,73245724,0,234,52,,https://sra-downloadb.be-md.ncbi.nlm.nih.gov/sos5/sra-pub-zq-16/SRR010/10803/SRR10803287/SRR10803287.lite.1,SRX7477211,mid108,AMPLICON,PCR,METAGENOMIC,SINGLE,0,0,ION_TORRENT,Ion Torrent PGM,SRP239048,PRJNA596613,,596613,SRS5920841,SAMN13698662,simple,1447863,clinical metagenome,mid108,,,,,,,no,,,,,"MANIPAL SCHOOL OF LIFE SCIENCES, MANIPAL ACADEMY OF HIGHER EDUCATION",SRA1017661,,public,8533352E88534E272FBA47E9E0F945A0,757E6744E2B3C5903FF74C0AFF1400D4
SRR10803286,2020-02-04 22:21:11,2019-12-30 08:29:06,42285,8366076,0,197,6,,https://sra-downloadb.be-md.ncbi.nlm.nih.gov/sos4/sra-pub-zq-1/SRR010/10803/SRR10803286/SRR10803286.lite.1,SRX7477212,mid109,AMPLICON,PCR,METAGENOMIC,SINGLE,0,0,ION_TORRENT,Ion Torrent PGM,SRP239048,PRJNA596613,,596613,SRS5920842,SAMN13698663,simple,1447863,clinical metagenome,mid109,,,,,,,no,,,,,"MANIPAL SCHOOL OF LIFE SCIENCES, MANIPAL ACADEMY OF HIGHER EDUCATION",SRA1017661,,public,1A55EE3BE58B69C09FF2418A79CD52DC,D45F2B2FD61A9A3F372445981FCF49E3
SRR10803285,2020-02-04 22:21:11,2019-12-30 08:29:09,460132,110546474,0,240,75,,https://sra-downloadb.be-md.ncbi.nlm.nih.gov/sos5/sra-pub-zq-16/SRR010/10803/SRR10803285/SRR10803285.lite.1,SRX7477213,mid110,AMPLICON,PCR,METAGENOMIC,SINGLE,0,0,ION_TORRENT,Ion Torrent PGM,SRP239048,PRJNA596613,,596613,SRS5920843,SAMN13698664,simple,1447863,clinical metagenome,mid110,,,,,,,no,,,,,"MANIPAL SCHOOL OF LIFE SCIENCES, MANIPAL ACADEMY OF HIGHER EDUCATION",SRA1017661,,public,2FDB5545E6B56D340A54C71C4CAAA4D5,A529BEE322D6A39142552826BEA47A86
SRR10803283,2020-02-04 22:21:11,2019-12-30 08:28:53,44363,8582466,0,193,6,,https://sra-downloadb.be-md.ncbi.nlm.nih.gov/sos4/sra-pub-zq-1/SRR010/10803/SRR10803283/SRR10803283.lite.1,SRX7477215,mid111,AMPLICON,PCR,METAGENOMIC,SINGLE,0,0,ION_TORRENT,Ion Torrent PGM,SRP239048,PRJNA596613,,596613,SRS5920845,SAMN13698665,simple,1447863,clinical metagenome,mid111,,,,,,,no,,,,,"MANIPAL SCHOOL OF LIFE SCIENCES, MANIPAL ACADEMY OF HIGHER EDUCATION",SRA1017661,,public,AEFB18CB0359BBF3EBD37436834B97AB,C4F55D649630676CC573E5B1946DB0DF
SRR10803284,2020-02-04 22:21:11,2019-12-30 08:29:01,675092,159818487,0,236,107,,https://sra-downloadb.be-md.ncbi.nlm.nih.gov/sos5/sra-pub-zq-16/SRR010/10803/SRR10803284/SRR10803284.lite.1,SRX7477214,mid12,AMPLICON,PCR,METAGENOMIC,SINGLE,0,0,ION_TORRENT,Ion Torrent PGM,SRP239048,PRJNA596613,,596613,SRS5920844,SAMN13698566,simple,1447863,clinical metagenome,mid12,,,,,,,no,,,,,"MANIPAL SCHOOL OF LIFE SCIENCES, MANIPAL ACADEMY OF HIGHER EDUCATION",SRA1017661,,public,A9FFDF5902E346F92C6C52A2D241FC83,E236338676E5EE9FC531F42DF99D43D7
SRR10803292,2020-02-04 22:21:11,2019-12-30 08:29:12,78223,16798902,0,214,12,,https://sra-downloadb.be-md.ncbi.nlm.nih.gov/sos5/sra-pub-zq-16/SRR010/10803/SRR10803292/SRR10803292.lite.1,SRX7477206,mid103,AMPLICON,PCR,METAGENOMIC,SINGLE,0,0,ION_TORRENT,Ion Torrent PGM,SRP239048,PRJNA596613,,596613,SRS5920836,SAMN13698657,simple,1447863,clinical metagenome,mid103,,,,,,,no,,,,,"MANIPAL SCHOOL OF LIFE SCIENCES, MANIPAL ACADEMY OF HIGHER EDUCATION",SRA1017661,,public,2283D03E360E044235128D3E9D57F567,E439A25F47931E1F005D04AEBEB1E1FD
SRR10803291,2020-02-04 22:21:12,2019-12-30 08:29:13,88272,18905960,0,214,14,,https://sra-downloadb.be-md.ncbi.nlm.nih.gov/sos5/sra-pub-zq-16/SRR010/10803/SRR10803291/SRR10803291.lite.1,SRX7477207,mid104,AMPLICON,PCR,METAGENOMIC,SINGLE,0,0,ION_TORRENT,Ion Torrent PGM,SRP239048,PRJNA596613,,596613,SRS5920837,SAMN13698658,simple,1447863,clinical metagenome,mid104,,,,,,,no,,,,,"MANIPAL SCHOOL OF LIFE SCIENCES, MANIPAL ACADEMY OF HIGHER EDUCATION",SRA1017661,,public,BFE7E49D5C100981971D69DAECAA3874,0BE348A657B08AD645A23BC751B12BBC
SRR10803290,2020-02-04 22:21:12,2019-12-30 08:29:18,195895,47659074,0,243,34,,https://sra-downloadb.be-md.ncbi.nlm.nih.gov/sos5/sra-pub-zq-16/SRR010/10803/SRR10803290/SRR10803290.lite.1,SRX7477208,mid105,AMPLICON,PCR,METAGENOMIC,SINGLE,0,0,ION_TORRENT,Ion Torrent PGM,SRP239048,PRJNA596613,,596613,SRS5920838,SAMN13698659,simple,1447863,clinical metagenome,mid105,,,,,,,no,,,,,"MANIPAL SCHOOL OF LIFE SCIENCES, MANIPAL ACADEMY OF HIGHER EDUCATION",SRA1017661,,public,4466F4C514441F88436B954E0704B42B,F8E235250A2659C94C07E1CD8E4009A1
SRR10803289,2020-02-04 22:21:12,2019-12-30 08:29:08,61498,12594104,0,204,9,,https://sra-downloadb.be-md.ncbi.nlm.nih.gov/sos4/sra-pub-zq-1/SRR010/10803/SRR10803289/SRR10803289.lite.1,SRX7477209,mid106,AMPLICON,PCR,METAGENOMIC,SINGLE,0,0,ION_TORRENT,Ion Torrent PGM,SRP239048,PRJNA596613,,596613,SRS5920839,SAMN13698660,simple,1447863,clinical metagenome,mid106,,,,,,,no,,,,,"MANIPAL SCHOOL OF LIFE SCIENCES, MANIPAL ACADEMY OF HIGHER EDUCATION",SRA1017661,,public,38C2E106620B4E7DDE5FE2DA99E52E58,3CE80AE5D5B03415021BA05BF3452163
SRR10803288,2020-02-04 22:21:12,2019-12-30 08:29:16,221592,50872208,0,229,36,,https://sra-downloadb.be-md.ncbi.nlm.nih.gov/sos5/sra-pub-zq-16/SRR010/10803/SRR10803288/SRR10803288.lite.1,SRX7477210,mid107,AMPLICON,PCR,METAGENOMIC,SINGLE,0,0,ION_TORRENT,Ion Torrent PGM,SRP239048,PRJNA596613,,596613,SRS5920840,SAMN13698661,simple,1447863,clinical metagenome,mid107,,,,,,,no,,,,,"MANIPAL SCHOOL OF LIFE SCIENCES, MANIPAL ACADEMY OF HIGHER EDUCATION",SRA1017661,,public,DE3A6F166CB1164B2F78D1E7566BABA1,33AFF2630358DA0AFE8111B58751A537
SRR10803297,2020-02-04 22:21:11,2019-12-30 08:29:35,645270,145129189,0,224,103,,https://sra-downloadb.be-md.ncbi.nlm.nih.gov/sos5/sra-pub-zq-14/SRR010/10803/SRR10803297/SRR10803297.lite.1,SRX7477201,mid77,AMPLICON,PCR,METAGENOMIC,SINGLE,0,0,ION_TORRENT,Ion Torrent PGM,SRP239048,PRJNA596613,,596613,SRS5920831,SAMN13698631,simple,1447863,clinical metagenome,mid77,,,,,,,no,,,,,"MANIPAL SCHOOL OF LIFE SCIENCES, MANIPAL ACADEMY OF HIGHER EDUCATION",SRA1017661,,public,0A63AF063AA8BD526559558E77CC7B15,37EF5BFA7B9823547EB104E1DFB32F76
SRR10803296,2020-02-04 22:21:11,2019-12-30 08:29:31,207722,41095053,0,197,31,,https://sra-downloadb.be-md.ncbi.nlm.nih.gov/sos5/sra-pub-zq-16/SRR010/10803/SRR10803296/SRR10803296.lite.1,SRX7477202,mid78,AMPLICON,PCR,METAGENOMIC,SINGLE,0,0,ION_TORRENT,Ion Torrent PGM,SRP239048,PRJNA596613,,596613,SRS5920832,SAMN13698632,simple,1447863,clinical metagenome,mid78,,,,,,,no,,,,,"MANIPAL SCHOOL OF LIFE SCIENCES, MANIPAL ACADEMY OF HIGHER EDUCATION",SRA1017661,,public,AEA831537F17C1B5FD818EF80E14ED1A,E05DD862103A6600CFB01CE126B0FEC1
SRR10803295,2020-02-04 22:21:11,2019-12-30 08:29:24,376601,86497028,0,229,58,,https://sra-downloadb.be-md.ncbi.nlm.nih.gov/sos5/sra-pub-zq-16/SRR010/10803/SRR10803295/SRR10803295.lite.1,SRX7477203,mid11,AMPLICON,PCR,METAGENOMIC,SINGLE,0,0,ION_TORRENT,Ion Torrent PGM,SRP239048,PRJNA596613,,596613,SRS5920833,SAMN13698565,simple,1447863,clinical metagenome,mid11,,,,,,,no,,,,,"MANIPAL SCHOOL OF LIFE SCIENCES, MANIPAL ACADEMY OF HIGHER EDUCATION",SRA1017661,,public,683EE74E6E04BE5AFAC7FCBCEFBE6047,48E753010E34D9C6F3BDCC87208204A7
SRR10803294,2020-02-04 22:21:11,2019-12-30 08:29:23,338594,71434873,0,210,53,,https://sra-downloadb.be-md.ncbi.nlm.nih.gov/sos5/sra-pub-zq-16/SRR010/10803/SRR10803294/SRR10803294.lite.1,SRX7477204,mid101,AMPLICON,PCR,METAGENOMIC,SINGLE,0,0,ION_TORRENT,Ion Torrent PGM,SRP239048,PRJNA596613,,596613,SRS5920834,SAMN13698655,simple,1447863,clinical metagenome,mid101,,,,,,,no,,,,,"MANIPAL SCHOOL OF LIFE SCIENCES, MANIPAL ACADEMY OF HIGHER EDUCATION",SRA1017661,,public,7B016B0B7CE89B7F3C173799752120B2,F791880EBFD0337D9F1820BE79D167E8
SRR10803293,2020-02-04 22:21:11,2019-12-30 08:29:20,268106,54974649,0,205,41,,https://sra-downloadb.be-md.ncbi.nlm.nih.gov/sos5/sra-pub-zq-16/SRR010/10803/SRR10803293/SRR10803293.lite.1,SRX7477205,mid102,AMPLICON,PCR,METAGENOMIC,SINGLE,0,0,ION_TORRENT,Ion Torrent PGM,SRP239048,PRJNA596613,,596613,SRS5920835,SAMN13698656,simple,1447863,clinical metagenome,mid102,,,,,,,no,,,,,"MANIPAL SCHOOL OF LIFE SCIENCES, MANIPAL ACADEMY OF HIGHER EDUCATION",SRA1017661,,public,1A7A668DBA33FB4C1BCBDFA8636DAC3D,FEB82AB3F46ED50EA7E51CDC9AA6A751
SRR10803302,2020-02-04 22:21:11,2019-12-30 08:29:43,261408,57717801,0,220,41,,https://sra-downloadb.be-md.ncbi.nlm.nih.gov/sos5/sra-pub-zq-14/SRR010/10803/SRR10803302/SRR10803302.lite.1,SRX7477196,mid72,AMPLICON,PCR,METAGENOMIC,SINGLE,0,0,ION_TORRENT,Ion Torrent PGM,SRP239048,PRJNA596613,,596613,SRS5920826,SAMN13698626,simple,1447863,clinical metagenome,mid72,,,,,,,no,,,,,"MANIPAL SCHOOL OF LIFE SCIENCES, MANIPAL ACADEMY OF HIGHER EDUCATION",SRA1017661,,public,F4A448BABFD62EBDC36B3A556EF0D31D,546C314835E87B3D7AC00E4F003E9793
SRR10803301,2020-02-04 22:21:11,2019-12-30 08:29:41,158802,32627184,0,205,24,,https://sra-downloadb.be-md.ncbi.nlm.nih.gov/sos5/sra-pub-zq-14/SRR010/10803/SRR10803301/SRR10803301.lite.1,SRX7477197,mid73,AMPLICON,PCR,METAGENOMIC,SINGLE,0,0,ION_TORRENT,Ion Torrent PGM,SRP239048,PRJNA596613,,596613,SRS5920827,SAMN13698627,simple,1447863,clinical metagenome,mid73,,,,,,,no,,,,,"MANIPAL SCHOOL OF LIFE SCIENCES, MANIPAL ACADEMY OF HIGHER EDUCATION",SRA1017661,,public,31E544E0C8EB29EE7122B12C01E76196,1935AF4DAB73B443FAC416128388E968
SRR10803300,2020-02-04 22:21:11,2019-12-30 08:29:44,508095,116754454,0,229,82,,https://sra-downloadb.be-md.ncbi.nlm.nih.gov/sos5/sra-pub-zq-14/SRR010/10803/SRR10803300/SRR10803300.lite.1,SRX7477198,mid74,AMPLICON,PCR,METAGENOMIC,SINGLE,0,0,ION_TORRENT,Ion Torrent PGM,SRP239048,PRJNA596613,,596613,SRS5920828,SAMN13698628,simple,1447863,clinical metagenome,mid74,,,,,,,no,,,,,"MANIPAL SCHOOL OF LIFE SCIENCES, MANIPAL ACADEMY OF HIGHER EDUCATION",SRA1017661,,public,C0B9A01F5E7F02BE8ABF73B9F33793AD,DFFBBAE27D65024D3C182C34247651E2
SRR10803299,2020-02-04 22:21:11,2019-12-30 08:29:50,649727,152876713,0,235,108,,https://sra-downloadb.be-md.ncbi.nlm.nih.gov/sos5/sra-pub-zq-14/SRR010/10803/SRR10803299/SRR10803299.lite.1,SRX7477199,mid75,AMPLICON,PCR,METAGENOMIC,SINGLE,0,0,ION_TORRENT,Ion Torrent PGM,SRP239048,PRJNA596613,,596613,SRS5920829,SAMN13698629,simple,1447863,clinical metagenome,mid75,,,,,,,no,,,,,"MANIPAL SCHOOL OF LIFE SCIENCES, MANIPAL ACADEMY OF HIGHER EDUCATION",SRA1017661,,public,DF4491691008EB2B098677B4C53A18A6,8E7606E017B689DE072CF04DFB981353
SRR10803298,2020-02-04 22:21:11,2019-12-30 08:29:37,437917,97727223,0,223,70,,https://sra-downloadb.be-md.ncbi.nlm.nih.gov/sos5/sra-pub-zq-14/SRR010/10803/SRR10803298/SRR10803298.lite.1,SRX7477200,mid76,AMPLICON,PCR,METAGENOMIC,SINGLE,0,0,ION_TORRENT,Ion Torrent PGM,SRP239048,PRJNA596613,,596613,SRS5920830,SAMN13698630,simple,1447863,clinical metagenome,mid76,,,,,,,no,,,,,"MANIPAL SCHOOL OF LIFE SCIENCES, MANIPAL ACADEMY OF HIGHER EDUCATION",SRA1017661,,public,D1D52CD4E9C07C9D25F29AA026220F38,022671A3D2396D6FD5465A7BB374C412
SRR10803307,2020-02-04 22:21:11,2019-12-30 08:30:00,395585,85131656,0,215,64,,https://sra-downloadb.be-md.ncbi.nlm.nih.gov/sos5/sra-pub-zq-14/SRR010/10803/SRR10803307/SRR10803307.lite.1,SRX7477191,mid68,AMPLICON,PCR,METAGENOMIC,SINGLE,0,0,ION_TORRENT,Ion Torrent PGM,SRP239048,PRJNA596613,,596613,SRS5920821,SAMN13698622,simple,1447863,clinical metagenome,mid68,,,,,,,no,,,,,"MANIPAL SCHOOL OF LIFE SCIENCES, MANIPAL ACADEMY OF HIGHER EDUCATION",SRA1017661,,public,C2B2D6A872A5154080333B78A739BC7B,55F2E110606909F7E4F5B7FAE35A35F4
SRR10803306,2020-02-04 22:21:11,2019-12-30 08:29:44,171743,39899984,0,232,30,,https://sra-downloadb.be-md.ncbi.nlm.nih.gov/sos5/sra-pub-zq-14/SRR010/10803/SRR10803306/SRR10803306.lite.1,SRX7477192,mid69,AMPLICON,PCR,METAGENOMIC,SINGLE,0,0,ION_TORRENT,Ion Torrent PGM,SRP239048,PRJNA596613,,596613,SRS5920822,SAMN13698623,simple,1447863,clinical metagenome,mid69,,,,,,,no,,,,,"MANIPAL SCHOOL OF LIFE SCIENCES, MANIPAL ACADEMY OF HIGHER EDUCATION",SRA1017661,,public,58640855ED93138922380AD828F8286B,347A9A64053226B371740262D5109B0F
SRR10803305,2020-02-04 22:21:11,2019-12-30 08:29:56,520669,115931481,0,222,83,,https://sra-downloadb.be-md.ncbi.nlm.nih.gov/sos5/sra-pub-zq-14/SRR010/10803/SRR10803305/SRR10803305.lite.1,SRX7477193,mid70,AMPLICON,PCR,METAGENOMIC,SINGLE,0,0,ION_TORRENT,Ion Torrent PGM,SRP239048,PRJNA596613,,596613,SRS5920823,SAMN13698624,simple,1447863,clinical metagenome,mid70,,,,,,,no,,,,,"MANIPAL SCHOOL OF LIFE SCIENCES, MANIPAL ACADEMY OF HIGHER EDUCATION",SRA1017661,,public,737B4DECCA4CD81D126F0E404AB5CF9B,75B86CBECDF5AA3863B7D8752270E5A4
SRR10803304,2020-02-04 22:21:11,2019-12-30 08:29:56,604353,140486894,0,232,98,,https://sra-downloadb.be-md.ncbi.nlm.nih.gov/sos5/sra-pub-zq-14/SRR010/10803/SRR10803304/SRR10803304.lite.1,SRX7477194,mid8,AMPLICON,PCR,METAGENOMIC,SINGLE,0,0,ION_TORRENT,Ion Torrent PGM,SRP239048,PRJNA596613,,596613,SRS5920824,SAMN13698562,simple,1447863,clinical metagenome,mid8,,,,,,,no,,,,,"MANIPAL SCHOOL OF LIFE SCIENCES, MANIPAL ACADEMY OF HIGHER EDUCATION",SRA1017661,,public,0BD5E38C6F22AE1F436BE4D8B7E9BDA0,2947FD04D95D26219C12AF727C2A25E6
SRR10803303,2020-02-04 22:21:11,2019-12-30 08:29:57,446605,98978489,0,221,71,,https://sra-downloadb.be-md.ncbi.nlm.nih.gov/sos5/sra-pub-zq-14/SRR010/10803/SRR10803303/SRR10803303.lite.1,SRX7477195,mid71,AMPLICON,PCR,METAGENOMIC,SINGLE,0,0,ION_TORRENT,Ion Torrent PGM,SRP239048,PRJNA596613,,596613,SRS5920825,SAMN13698625,simple,1447863,clinical metagenome,mid71,,,,,,,no,,,,,"MANIPAL SCHOOL OF LIFE SCIENCES, MANIPAL ACADEMY OF HIGHER EDUCATION",SRA1017661,,public,6EDEEBEF1DCCB96E36F40EB77E1FE806,B8B251BC06D72EBC9FDDB156F6B25786
SRR10803312,2020-02-04 22:21:11,2019-12-30 08:30:03,154593,36265309,0,234,24,,https://sra-downloadb.be-md.ncbi.nlm.nih.gov/sos5/sra-pub-zq-14/SRR010/10803/SRR10803312/SRR10803312.lite.1,SRX7477186,mid34,AMPLICON,PCR,METAGENOMIC,SINGLE,0,0,ION_TORRENT,Ion Torrent PGM,SRP239048,PRJNA596613,,596613,SRS5920816,SAMN13698588,simple,1447863,clinical metagenome,mid34,,,,,,,no,,,,,"MANIPAL SCHOOL OF LIFE SCIENCES, MANIPAL ACADEMY OF HIGHER EDUCATION",SRA1017661,,public,CD2E9675FD7DCBA80E3985F21D242316,BECD9CBA7342B8D71443472106F193E7
SRR10803311,2020-02-04 22:21:11,2019-12-30 08:30:14,366392,84978400,0,231,61,,https://sra-downloadb.be-md.ncbi.nlm.nih.gov/sos5/sra-pub-zq-16/SRR010/10803/SRR10803311/SRR10803311.lite.1,SRX7477187,mid64,AMPLICON,PCR,METAGENOMIC,SINGLE,0,0,ION_TORRENT,Ion Torrent PGM,SRP239048,PRJNA596613,,596613,SRS5920817,SAMN13698618,simple,1447863,clinical metagenome,mid64,,,,,,,no,,,,,"MANIPAL SCHOOL OF LIFE SCIENCES, MANIPAL ACADEMY OF HIGHER EDUCATION",SRA1017661,,public,4DD348836B4EE813A64B1F67C837455C,0DE05E7B0CF5F5CC01D30F9C4FDC1A79
SRR10803310,2020-02-04 22:21:11,2019-12-30 08:30:12,373572,81931970,0,219,61,,https://sra-downloadb.be-md.ncbi.nlm.nih.gov/sos5/sra-pub-zq-14/SRR010/10803/SRR10803310/SRR10803310.lite.1,SRX7477188,mid65,AMPLICON,PCR,METAGENOMIC,SINGLE,0,0,ION_TORRENT,Ion Torrent PGM,SRP239048,PRJNA596613,,596613,SRS5920818,SAMN13698619,simple,1447863,clinical metagenome,mid65,,,,,,,no,,,,,"MANIPAL SCHOOL OF LIFE SCIENCES, MANIPAL ACADEMY OF HIGHER EDUCATION",SRA1017661,,public,D95901D18AECAA93A8AD32B0AC6DDECD,8114805F3531BD5423F52CC6AD94C43B
SRR10803309,2020-02-04 22:21:11,2019-12-30 08:30:09,512319,117405532,0,229,84,,https://sra-downloadb.be-md.ncbi.nlm.nih.gov/sos5/sra-pub-zq-14/SRR010/10803/SRR10803309/SRR10803309.lite.1,SRX7477189,mid66,AMPLICON,PCR,METAGENOMIC,SINGLE,0,0,ION_TORRENT,Ion Torrent PGM,SRP239048,PRJNA596613,,596613,SRS5920819,SAMN13698620,simple,1447863,clinical metagenome,mid66,,,,,,,no,,,,,"MANIPAL SCHOOL OF LIFE SCIENCES, MANIPAL ACADEMY OF HIGHER EDUCATION",SRA1017661,,public,0317799FC604E23823719F20EE27E400,2DBE2DF00D837E3BDD49607E2946FE20
SRR10803308,2020-02-04 22:21:11,2019-12-30 08:29:59,355125,84783374,0,238,63,,https://sra-downloadb.be-md.ncbi.nlm.nih.gov/sos5/sra-pub-zq-14/SRR010/10803/SRR10803308/SRR10803308.lite.1,SRX7477190,mid67,AMPLICON,PCR,METAGENOMIC,SINGLE,0,0,ION_TORRENT,Ion Torrent PGM,SRP239048,PRJNA596613,,596613,SRS5920820,SAMN13698621,simple,1447863,clinical metagenome,mid67,,,,,,,no,,,,,"MANIPAL SCHOOL OF LIFE SCIENCES, MANIPAL ACADEMY OF HIGHER EDUCATION",SRA1017661,,public,5BBE910FFE52AB9F8FF9A0E01D05E783,BB00E00BF77F0A93E80FB4156C615DD0
SRR10803317,2020-02-04 22:21:11,2019-12-30 08:30:28,354060,78010644,0,220,56,,https://sra-downloadb.be-md.ncbi.nlm.nih.gov/sos5/sra-pub-zq-16/SRR010/10803/SRR10803317/SRR10803317.lite.1,SRX7477181,mid30,AMPLICON,PCR,METAGENOMIC,SINGLE,0,0,ION_TORRENT,Ion Torrent PGM,SRP239048,PRJNA596613,,596613,SRS5920811,SAMN13698584,simple,1447863,clinical metagenome,mid30,,,,,,,no,,,,,"MANIPAL SCHOOL OF LIFE SCIENCES, MANIPAL ACADEMY OF HIGHER EDUCATION",SRA1017661,,public,571F91C865B51144EB384DD821B28B91,CA8207C93BC84E5126E09F9A48E9A8C0
SRR10803316,2020-02-04 22:21:11,2019-12-30 08:30:30,476126,111785077,0,234,75,,https://sra-downloadb.be-md.ncbi.nlm.nih.gov/sos5/sra-pub-zq-16/SRR010/10803/SRR10803316/SRR10803316.lite.1,SRX7477182,mid4,AMPLICON,PCR,METAGENOMIC,SINGLE,0,0,ION_TORRENT,Ion Torrent PGM,SRP239048,PRJNA596613,,596613,SRS5920812,SAMN13698558,simple,1447863,clinical metagenome,mid4,,,,,,,no,,,,,"MANIPAL SCHOOL OF LIFE SCIENCES, MANIPAL ACADEMY OF HIGHER EDUCATION",SRA1017661,,public,4944164167E746030D4BF782F4C5D670,CD7B44B1BD3FD6176076E247C9D0819D
SRR10803315,2020-02-04 22:21:11,2019-12-30 08:30:16,51863,11788402,0,227,8,,https://sra-downloadb.be-md.ncbi.nlm.nih.gov/sos4/sra-pub-zq-1/SRR010/10803/SRR10803315/SRR10803315.lite.1,SRX7477183,mid31,AMPLICON,PCR,METAGENOMIC,SINGLE,0,0,ION_TORRENT,Ion Torrent PGM,SRP239048,PRJNA596613,,596613,SRS5920813,SAMN13698585,simple,1447863,clinical metagenome,mid31,,,,,,,no,,,,,"MANIPAL SCHOOL OF LIFE SCIENCES, MANIPAL ACADEMY OF HIGHER EDUCATION",SRA1017661,,public,5E75138A794F790264ED3023DDAEACCA,0B7D0D2ED0C5BFE64E51EB1ECD503EED
SRR10803314,2020-02-04 22:21:11,2019-12-30 08:30:17,376871,84209609,0,223,61,,https://sra-downloadb.be-md.ncbi.nlm.nih.gov/sos5/sra-pub-zq-16/SRR010/10803/SRR10803314/SRR10803314.lite.1,SRX7477184,mid32,AMPLICON,PCR,METAGENOMIC,SINGLE,0,0,ION_TORRENT,Ion Torrent PGM,SRP239048,PRJNA596613,,596613,SRS5920814,SAMN13698586,simple,1447863,clinical metagenome,mid32,,,,,,,no,,,,,"MANIPAL SCHOOL OF LIFE SCIENCES, MANIPAL ACADEMY OF HIGHER EDUCATION",SRA1017661,,public,D3E1A48F269E146247D2CA8DAFB63236,AFBC065963B2D3F384380234890B8792
SRR10803313,2020-02-04 22:21:11,2019-12-30 08:30:07,236255,49792751,0,210,36,,https://sra-downloadb.be-md.ncbi.nlm.nih.gov/sos5/sra-pub-zq-14/SRR010/10803/SRR10803313/SRR10803313.lite.1,SRX7477185,mid33,AMPLICON,PCR,METAGENOMIC,SINGLE,0,0,ION_TORRENT,Ion Torrent PGM,SRP239048,PRJNA596613,,596613,SRS5920815,SAMN13698587,simple,1447863,clinical metagenome,mid33,,,,,,,no,,,,,"MANIPAL SCHOOL OF LIFE SCIENCES, MANIPAL ACADEMY OF HIGHER EDUCATION",SRA1017661,,public,F0EC836EDFD1EB86F579F6169BE2882D,6D3ABC4853619DB888E3AD1B550F47F6
SRR10803322,2020-02-04 22:21:11,2019-12-30 08:30:41,557354,127285424,0,228,88,,https://sra-downloadb.be-md.ncbi.nlm.nih.gov/sos5/sra-pub-zq-16/SRR010/10803/SRR10803322/SRR10803322.lite.1,SRX7477176,mid25,AMPLICON,PCR,METAGENOMIC,SINGLE,0,0,ION_TORRENT,Ion Torrent PGM,SRP239048,PRJNA596613,,596613,SRS5920806,SAMN13698579,simple,1447863,clinical metagenome,mid25,,,,,,,no,,,,,"MANIPAL SCHOOL OF LIFE SCIENCES, MANIPAL ACADEMY OF HIGHER EDUCATION",SRA1017661,,public,8A14D794C896A4EC9689D2D682CCD00D,4D55DB82822D91C713256FDFF9E63F35
SRR10803321,2020-02-04 22:21:11,2019-12-30 08:30:38,504864,113051481,0,223,85,,https://sra-downloadb.be-md.ncbi.nlm.nih.gov/sos5/sra-pub-zq-16/SRR010/10803/SRR10803321/SRR10803321.lite.1,SRX7477177,mid26,AMPLICON,PCR,METAGENOMIC,SINGLE,0,0,ION_TORRENT,Ion Torrent PGM,SRP239048,PRJNA596613,,596613,SRS5920807,SAMN13698580,simple,1447863,clinical metagenome,mid26,,,,,,,no,,,,,"MANIPAL SCHOOL OF LIFE SCIENCES, MANIPAL ACADEMY OF HIGHER EDUCATION",SRA1017661,,public,AC6E5E65946710E2BB4EA9D37337D219,AC2D8B49A1AA6F8456CC49A07B9B4054
SRR10803320,2020-02-04 22:21:11,2019-12-30 08:30:24,241934,56644808,0,234,40,,https://sra-downloadb.be-md.ncbi.nlm.nih.gov/sos5/sra-pub-zq-16/SRR010/10803/SRR10803320/SRR10803320.lite.1,SRX7477178,mid27,AMPLICON,PCR,METAGENOMIC,SINGLE,0,0,ION_TORRENT,Ion Torrent PGM,SRP239048,PRJNA596613,,596613,SRS5920808,SAMN13698581,simple,1447863,clinical metagenome,mid27,,,,,,,no,,,,,"MANIPAL SCHOOL OF LIFE SCIENCES, MANIPAL ACADEMY OF HIGHER EDUCATION",SRA1017661,,public,6B05ECF8F36398E4AAF813B703BF446C,8368EA9456D98EAA9D621E27A6128A59
SRR10803319,2020-02-04 22:21:11,2019-12-30 08:30:30,431818,96944557,0,224,70,,https://sra-downloadb.be-md.ncbi.nlm.nih.gov/sos5/sra-pub-zq-16/SRR010/10803/SRR10803319/SRR10803319.lite.1,SRX7477179,mid28,AMPLICON,PCR,METAGENOMIC,SINGLE,0,0,ION_TORRENT,Ion Torrent PGM,SRP239048,PRJNA596613,,596613,SRS5920809,SAMN13698582,simple,1447863,clinical metagenome,mid28,,,,,,,no,,,,,"MANIPAL SCHOOL OF LIFE SCIENCES, MANIPAL ACADEMY OF HIGHER EDUCATION",SRA1017661,,public,EFADE2E08BB25C2C151406F7EC528FD8,3453744AD40D7A5921ABF57494ECD363
SRR10803318,2020-02-04 22:21:11,2019-12-30 08:30:22,430019,94524279,0,219,68,,https://sra-downloadb.be-md.ncbi.nlm.nih.gov/sos5/sra-pub-zq-16/SRR010/10803/SRR10803318/SRR10803318.lite.1,SRX7477180,mid29,AMPLICON,PCR,METAGENOMIC,SINGLE,0,0,ION_TORRENT,Ion Torrent PGM,SRP239048,PRJNA596613,,596613,SRS5920810,SAMN13698583,simple,1447863,clinical metagenome,mid29,,,,,,,no,,,,,"MANIPAL SCHOOL OF LIFE SCIENCES, MANIPAL ACADEMY OF HIGHER EDUCATION",SRA1017661,,public,3874E4A67AE1EFCBA1B37EE3A70DF40A,6F48967E10B9DB55624930C1A5CA37A2
SRR10803326,2020-02-04 22:21:11,2019-12-30 08:30:42,210384,42089574,0,200,31,,https://sra-downloadb.be-md.ncbi.nlm.nih.gov/sos5/sra-pub-zq-16/SRR010/10803/SRR10803326/SRR10803326.lite.1,SRX7477172,mid21,AMPLICON,PCR,METAGENOMIC,SINGLE,0,0,ION_TORRENT,Ion Torrent PGM,SRP239048,PRJNA596613,,596613,SRS5920802,SAMN13698575,simple,1447863,clinical metagenome,mid21,,,,,,,no,,,,,"MANIPAL SCHOOL OF LIFE SCIENCES, MANIPAL ACADEMY OF HIGHER EDUCATION",SRA1017661,,public,D597D8D167544EAD5B06BFF421A3D2E7,42577C9E23168C6B5C4764A61FC4FECE
SRR10803325,2020-02-04 22:21:11,2019-12-30 08:30:52,442558,105365747,0,238,74,,https://sra-downloadb.be-md.ncbi.nlm.nih.gov/sos5/sra-pub-zq-16/SRR010/10803/SRR10803325/SRR10803325.lite.1,SRX7477173,mid22,AMPLICON,PCR,METAGENOMIC,SINGLE,0,0,ION_TORRENT,Ion Torrent PGM,SRP239048,PRJNA596613,,596613,SRS5920803,SAMN13698576,simple,1447863,clinical metagenome,mid22,,,,,,,no,,,,,"MANIPAL SCHOOL OF LIFE SCIENCES, MANIPAL ACADEMY OF HIGHER EDUCATION",SRA1017661,,public,50ACFB0FF33475DC854BE16416451015,EC93E070C514E1EC8B2B337D08823786
SRR10803324,2020-02-04 22:21:11,2019-12-30 08:30:48,484771,109852462,0,226,83,,https://sra-downloadb.be-md.ncbi.nlm.nih.gov/sos5/sra-pub-zq-16/SRR010/10803/SRR10803324/SRR10803324.lite.1,SRX7477174,mid23,AMPLICON,PCR,METAGENOMIC,SINGLE,0,0,ION_TORRENT,Ion Torrent PGM,SRP239048,PRJNA596613,,596613,SRS5920804,SAMN13698577,simple,1447863,clinical metagenome,mid23,,,,,,,no,,,,,"MANIPAL SCHOOL OF LIFE SCIENCES, MANIPAL ACADEMY OF HIGHER EDUCATION",SRA1017661,,public,4ACC6EF4C7EBF3CD5631F7EF08490455,4DDAB41E6A9B5563F0B4CC15BCF727B2
SRR10803323,2020-02-04 22:21:11,2019-12-30 08:30:47,310249,71644470,0,230,49,,https://sra-downloadb.be-md.ncbi.nlm.nih.gov/sos5/sra-pub-zq-16/SRR010/10803/SRR10803323/SRR10803323.lite.1,SRX7477175,mid24,AMPLICON,PCR,METAGENOMIC,SINGLE,0,0,ION_TORRENT,Ion Torrent PGM,SRP239048,PRJNA596613,,596613,SRS5920805,SAMN13698578,simple,1447863,clinical metagenome,mid24,,,,,,,no,,,,,"MANIPAL SCHOOL OF LIFE SCIENCES, MANIPAL ACADEMY OF HIGHER EDUCATION",SRA1017661,,public,BCCB933CF2A6A78AB2EACE47A774F3A7,9B212C5FFBEF35370F851CCB083975EB
SRR10803327,2020-02-04 22:21:11,2019-12-30 08:30:44,331164,63934470,0,193,47,,https://sra-downloadb.be-md.ncbi.nlm.nih.gov/sos5/sra-pub-zq-16/SRR010/10803/SRR10803327/SRR10803327.lite.1,SRX7477171,mid3,AMPLICON,PCR,METAGENOMIC,SINGLE,0,0,ION_TORRENT,Ion Torrent PGM,SRP239048,PRJNA596613,,596613,SRS5920801,SAMN13698557,simple,1447863,clinical metagenome,mid3,,,,,,,no,,,,,"MANIPAL SCHOOL OF LIFE SCIENCES, MANIPAL ACADEMY OF HIGHER EDUCATION",SRA1017661,,public,D65D8A205CA2F96E492AF72A2E8652AE,73E1E673CE4DFF4D66B7062F06CA6CED
SRR10803332,2020-02-04 22:21:11,2019-12-30 08:31:12,624286,137563087,0,220,100,,https://sra-downloadb.be-md.ncbi.nlm.nih.gov/sos5/sra-pub-zq-16/SRR010/10803/SRR10803332/SRR10803332.lite.1,SRX7477166,mid96,AMPLICON,PCR,METAGENOMIC,SINGLE,0,0,ION_TORRENT,Ion Torrent PGM,SRP239048,PRJNA596613,,596613,SRS5920796,SAMN13698650,simple,1447863,clinical metagenome,mid96,,,,,,,no,,,,,"MANIPAL SCHOOL OF LIFE SCIENCES, MANIPAL ACADEMY OF HIGHER EDUCATION",SRA1017661,,public,46462E329D3796C08AEAE5E6CDB1A7C9,3F7698BB707D2AB9EA07660321323193
SRR10803331,2020-02-04 22:21:11,2019-12-30 08:30:55,220092,44599545,0,202,33,,https://sra-downloadb.be-md.ncbi.nlm.nih.gov/sos5/sra-pub-zq-16/SRR010/10803/SRR10803331/SRR10803331.lite.1,SRX7477167,mid97,AMPLICON,PCR,METAGENOMIC,SINGLE,0,0,ION_TORRENT,Ion Torrent PGM,SRP239048,PRJNA596613,,596613,SRS5920797,SAMN13698651,simple,1447863,clinical metagenome,mid97,,,,,,,no,,,,,"MANIPAL SCHOOL OF LIFE SCIENCES, MANIPAL ACADEMY OF HIGHER EDUCATION",SRA1017661,,public,EAAE112053F6907128BEAF374C34452E,09671C01A26826591622EF610D8F6DDD
SRR10803330,2020-02-04 22:21:11,2019-12-30 08:30:57,353886,65228045,0,184,49,,https://sra-downloadb.be-md.ncbi.nlm.nih.gov/sos5/sra-pub-zq-16/SRR010/10803/SRR10803330/SRR10803330.lite.1,SRX7477168,mid98,AMPLICON,PCR,METAGENOMIC,SINGLE,0,0,ION_TORRENT,Ion Torrent PGM,SRP239048,PRJNA596613,,596613,SRS5920798,SAMN13698652,simple,1447863,clinical metagenome,mid98,,,,,,,no,,,,,"MANIPAL SCHOOL OF LIFE SCIENCES, MANIPAL ACADEMY OF HIGHER EDUCATION",SRA1017661,,public,EECF0F06F5170812A9C203BD77E71D2A,3A13E9E8960CD02F23E24A76B3AA58F4
SRR10803329,2020-02-04 22:21:11,2019-12-30 08:30:53,196508,41014663,0,208,30,,https://sra-downloadb.be-md.ncbi.nlm.nih.gov/sos5/sra-pub-zq-16/SRR010/10803/SRR10803329/SRR10803329.lite.1,SRX7477169,mid99,AMPLICON,PCR,METAGENOMIC,SINGLE,0,0,ION_TORRENT,Ion Torrent PGM,SRP239048,PRJNA596613,,596613,SRS5920799,SAMN13698653,simple,1447863,clinical metagenome,mid99,,,,,,,no,,,,,"MANIPAL SCHOOL OF LIFE SCIENCES, MANIPAL ACADEMY OF HIGHER EDUCATION",SRA1017661,,public,14F7245703746986626609F2121FE234,81BEB84FE145126091298951D436B21C
SRR10803328,2020-02-04 22:21:11,2019-12-30 08:30:50,368187,84927094,0,230,60,,https://sra-downloadb.be-md.ncbi.nlm.nih.gov/sos5/sra-pub-zq-16/SRR010/10803/SRR10803328/SRR10803328.lite.1,SRX7477170,mid100,AMPLICON,PCR,METAGENOMIC,SINGLE,0,0,ION_TORRENT,Ion Torrent PGM,SRP239048,PRJNA596613,,596613,SRS5920800,SAMN13698654,simple,1447863,clinical metagenome,mid100,,,,,,,no,,,,,"MANIPAL SCHOOL OF LIFE SCIENCES, MANIPAL ACADEMY OF HIGHER EDUCATION",SRA1017661,,public,986CC875E504882CF08CD09C539B67DA,6A5F386A39C90614D13FCE7C568714D9
SRR10803337,2020-02-04 22:21:11,2019-12-30 08:31:14,279998,59880453,0,213,43,,https://sra-downloadb.be-md.ncbi.nlm.nih.gov/sos5/sra-pub-zq-16/SRR010/10803/SRR10803337/SRR10803337.lite.1,SRX7477161,mid62,AMPLICON,PCR,METAGENOMIC,SINGLE,0,0,ION_TORRENT,Ion Torrent PGM,SRP239048,PRJNA596613,,596613,SRS5920791,SAMN13698616,simple,1447863,clinical metagenome,mid62,,,,,,,no,,,,,"MANIPAL SCHOOL OF LIFE SCIENCES, MANIPAL ACADEMY OF HIGHER EDUCATION",SRA1017661,,public,CA7F2AE6E3C94CE6E171DBF890BC98ED,E783B93206E1478EFEB3789DD7297055
SRR10803336,2020-02-04 22:21:11,2019-12-30 08:31:17,426293,95458724,0,223,71,,https://sra-downloadb.be-md.ncbi.nlm.nih.gov/sos5/sra-pub-zq-16/SRR010/10803/SRR10803336/SRR10803336.lite.1,SRX7477162,mid63,AMPLICON,PCR,METAGENOMIC,SINGLE,0,0,ION_TORRENT,Ion Torrent PGM,SRP239048,PRJNA596613,,596613,SRS5920792,SAMN13698617,simple,1447863,clinical metagenome,mid63,,,,,,,no,,,,,"MANIPAL SCHOOL OF LIFE SCIENCES, MANIPAL ACADEMY OF HIGHER EDUCATION",SRA1017661,,public,AAE9F23BCDEC1F4ADDB65E1DC107008D,D93421FD38590807BC28335DF113B773
SRR10803335,2020-02-04 22:21:11,2019-12-30 08:31:08,482041,105599105,0,219,76,,https://sra-downloadb.be-md.ncbi.nlm.nih.gov/sos5/sra-pub-zq-16/SRR010/10803/SRR10803335/SRR10803335.lite.1,SRX7477163,mid93,AMPLICON,PCR,METAGENOMIC,SINGLE,0,0,ION_TORRENT,Ion Torrent PGM,SRP239048,PRJNA596613,,596613,SRS5920793,SAMN13698647,simple,1447863,clinical metagenome,mid93,,,,,,,no,,,,,"MANIPAL SCHOOL OF LIFE SCIENCES, MANIPAL ACADEMY OF HIGHER EDUCATION",SRA1017661,,public,5D9439C75B3361A395500B91DFD64945,F7D34F661D1F553BAD1CEA3B815DFA9A
SRR10803334,2020-02-04 22:21:11,2019-12-30 08:31:13,516616,112965541,0,218,81,,https://sra-downloadb.be-md.ncbi.nlm.nih.gov/sos5/sra-pub-zq-16/SRR010/10803/SRR10803334/SRR10803334.lite.1,SRX7477164,mid94,AMPLICON,PCR,METAGENOMIC,SINGLE,0,0,ION_TORRENT,Ion Torrent PGM,SRP239048,PRJNA596613,,596613,SRS5920794,SAMN13698648,simple,1447863,clinical metagenome,mid94,,,,,,,no,,,,,"MANIPAL SCHOOL OF LIFE SCIENCES, MANIPAL ACADEMY OF HIGHER EDUCATION",SRA1017661,,public,4AC5FDCDADBF75672DB3CC8853EE5C71,C8B1AAEC648010A819288F3343A93F1C
SRR10803333,2020-02-04 22:21:11,2019-12-30 08:31:09,392603,89645784,0,228,64,,https://sra-downloadb.be-md.ncbi.nlm.nih.gov/sos5/sra-pub-zq-16/SRR010/10803/SRR10803333/SRR10803333.lite.1,SRX7477165,mid95,AMPLICON,PCR,METAGENOMIC,SINGLE,0,0,ION_TORRENT,Ion Torrent PGM,SRP239048,PRJNA596613,,596613,SRS5920795,SAMN13698649,simple,1447863,clinical metagenome,mid95,,,,,,,no,,,,,"MANIPAL SCHOOL OF LIFE SCIENCES, MANIPAL ACADEMY OF HIGHER EDUCATION",SRA1017661,,public,E78A187E38C7A47AE0EF0FA970C1DE2E,F0DBAE2100680F264B728CA9294330A7
SRR10803342,2020-02-04 22:21:11,2019-12-30 08:31:28,366278,80724097,0,220,58,,https://sra-downloadb.be-md.ncbi.nlm.nih.gov/sos5/sra-pub-zq-16/SRR010/10803/SRR10803342/SRR10803342.lite.1,SRX7477156,mid58,AMPLICON,PCR,METAGENOMIC,SINGLE,0,0,ION_TORRENT,Ion Torrent PGM,SRP239048,PRJNA596613,,596613,SRS5920786,SAMN13698612,simple,1447863,clinical metagenome,mid58,,,,,,,no,,,,,"MANIPAL SCHOOL OF LIFE SCIENCES, MANIPAL ACADEMY OF HIGHER EDUCATION",SRA1017661,,public,B5F9264196189F542AEBBA87AC7CABEB,D3BF9CBC8B2E8E424642EDBAEF3ABE81
SRR10803341,2020-02-04 22:21:11,2019-12-30 08:31:26,445473,96639247,0,216,70,,https://sra-downloadb.be-md.ncbi.nlm.nih.gov/sos5/sra-pub-zq-16/SRR010/10803/SRR10803341/SRR10803341.lite.1,SRX7477157,mid59,AMPLICON,PCR,METAGENOMIC,SINGLE,0,0,ION_TORRENT,Ion Torrent PGM,SRP239048,PRJNA596613,,596613,SRS5920787,SAMN13698613,simple,1447863,clinical metagenome,mid59,,,,,,,no,,,,,"MANIPAL SCHOOL OF LIFE SCIENCES, MANIPAL ACADEMY OF HIGHER EDUCATION",SRA1017661,,public,59AAF6735A485AF2DA195966486C74FE,05F731C8BF8F0E8F307694EF27304C2E
SRR10803340,2020-02-04 22:21:11,2019-12-30 08:31:29,484187,103722564,0,214,73,,https://sra-downloadb.be-md.ncbi.nlm.nih.gov/sos5/sra-pub-zq-16/SRR010/10803/SRR10803340/SRR10803340.lite.1,SRX7477158,mid60,AMPLICON,PCR,METAGENOMIC,SINGLE,0,0,ION_TORRENT,Ion Torrent PGM,SRP239048,PRJNA596613,,596613,SRS5920788,SAMN13698614,simple,1447863,clinical metagenome,mid60,,,,,,,no,,,,,"MANIPAL SCHOOL OF LIFE SCIENCES, MANIPAL ACADEMY OF HIGHER EDUCATION",SRA1017661,,public,5FFF6D0D9ED85F4D7639FE6DE389980B,CA410F14800BD77CED927062126F699E
SRR10803338,2020-02-04 22:21:11,2019-12-30 08:31:18,794950,161509803,0,203,112,,https://sra-downloadb.be-md.ncbi.nlm.nih.gov/sos5/sra-pub-zq-16/SRR010/10803/SRR10803338/SRR10803338.lite.1,SRX7477160,mid61,AMPLICON,PCR,METAGENOMIC,SINGLE,0,0,ION_TORRENT,Ion Torrent PGM,SRP239048,PRJNA596613,,596613,SRS5920790,SAMN13698615,simple,1447863,clinical metagenome,mid61,,,,,,,no,,,,,"MANIPAL SCHOOL OF LIFE SCIENCES, MANIPAL ACADEMY OF HIGHER EDUCATION",SRA1017661,,public,E25E10C1750957761FD07B80E735EF12,325E3342F25559A27BACAE2AB83B431F
SRR10803339,2020-02-04 22:21:11,2019-12-30 08:31:30,659412,155491526,0,235,108,,https://sra-downloadb.be-md.ncbi.nlm.nih.gov/sos5/sra-pub-zq-16/SRR010/10803/SRR10803339/SRR10803339.lite.1,SRX7477159,mid7,AMPLICON,PCR,METAGENOMIC,SINGLE,0,0,ION_TORRENT,Ion Torrent PGM,SRP239048,PRJNA596613,,596613,SRS5920789,SAMN13698561,simple,1447863,clinical metagenome,mid7,,,,,,,no,,,,,"MANIPAL SCHOOL OF LIFE SCIENCES, MANIPAL ACADEMY OF HIGHER EDUCATION",SRA1017661,,public,12E5B7013E2657D552AA8A2620F9360D,553EC6B0B4DCC19B6808B745543ACEC6
SRR10803347,2020-02-04 22:21:11,2019-12-30 08:31:24,736,136148,0,184,0,,https://sra-downloadb.be-md.ncbi.nlm.nih.gov/sos4/sra-pub-zq-1/SRR010/10803/SRR10803347/SRR10803347.lite.1,SRX7477151,mid53,AMPLICON,PCR,METAGENOMIC,SINGLE,0,0,ION_TORRENT,Ion Torrent PGM,SRP239048,PRJNA596613,,596613,SRS5920781,SAMN13698607,simple,1447863,clinical metagenome,mid53,,,,,,,no,,,,,"MANIPAL SCHOOL OF LIFE SCIENCES, MANIPAL ACADEMY OF HIGHER EDUCATION",SRA1017661,,public,42AA92C0D092BFC0655D5771F4B70F16,CE2CD9DB35C6EEE1135AA209BE857C7B
SRR10803346,2020-02-04 22:21:11,2019-12-30 08:31:40,331467,74322893,0,224,53,,https://sra-downloadb.be-md.ncbi.nlm.nih.gov/sos5/sra-pub-zq-16/SRR010/10803/SRR10803346/SRR10803346.lite.1,SRX7477152,mid54,AMPLICON,PCR,METAGENOMIC,SINGLE,0,0,ION_TORRENT,Ion Torrent PGM,SRP239048,PRJNA596613,,596613,SRS5920782,SAMN13698608,simple,1447863,clinical metagenome,mid54,,,,,,,no,,,,,"MANIPAL SCHOOL OF LIFE SCIENCES, MANIPAL ACADEMY OF HIGHER EDUCATION",SRA1017661,,public,52DE6F518C0B38B7A11235E55E8C8E84,25AE43BE6B269358AA3247AE8588932D
SRR10803345,2020-02-04 22:21:11,2019-12-30 08:31:45,557021,126817601,0,227,90,,https://sra-downloadb.be-md.ncbi.nlm.nih.gov/sos5/sra-pub-zq-14/SRR010/10803/SRR10803345/SRR10803345.lite.1,SRX7477153,mid55,AMPLICON,PCR,METAGENOMIC,SINGLE,0,0,ION_TORRENT,Ion Torrent PGM,SRP239048,PRJNA596613,,596613,SRS5920783,SAMN13698609,simple,1447863,clinical metagenome,mid55,,,,,,,no,,,,,"MANIPAL SCHOOL OF LIFE SCIENCES, MANIPAL ACADEMY OF HIGHER EDUCATION",SRA1017661,,public,081F505B1673F6E718E246EBDC384306,EDEA680606D5B7B4DE2BE93A735CDE8A
SRR10803344,2020-02-04 22:21:10,2019-12-30 08:31:45,684192,152701400,0,223,108,,https://sra-downloadb.be-md.ncbi.nlm.nih.gov/sos5/sra-pub-zq-14/SRR010/10803/SRR10803344/SRR10803344.lite.1,SRX7477154,mid56,AMPLICON,PCR,METAGENOMIC,SINGLE,0,0,ION_TORRENT,Ion Torrent PGM,SRP239048,PRJNA596613,,596613,SRS5920784,SAMN13698610,simple,1447863,clinical metagenome,mid56,,,,,,,no,,,,,"MANIPAL SCHOOL OF LIFE SCIENCES, MANIPAL ACADEMY OF HIGHER EDUCATION",SRA1017661,,public,AA5078696150A17BEA2FD68252E505B2,39325F9FCA54379D516714A0526E0D63
SRR10803343,2020-02-04 22:21:11,2019-12-30 08:31:32,438389,94693663,0,216,67,,https://sra-downloadb.be-md.ncbi.nlm.nih.gov/sos5/sra-pub-zq-16/SRR010/10803/SRR10803343/SRR10803343.lite.1,SRX7477155,mid57,AMPLICON,PCR,METAGENOMIC,SINGLE,0,0,ION_TORRENT,Ion Torrent PGM,SRP239048,PRJNA596613,,596613,SRS5920785,SAMN13698611,simple,1447863,clinical metagenome,mid57,,,,,,,no,,,,,"MANIPAL SCHOOL OF LIFE SCIENCES, MANIPAL ACADEMY OF HIGHER EDUCATION",SRA1017661,,public,3CC616698D9250F57B1987F03CED968B,AC49F5480D057F326248EE3BC17549E9
SRR10803352,2020-02-04 22:21:11,2019-12-30 08:32:03,516735,95875941,0,185,72,,https://sra-downloadb.be-md.ncbi.nlm.nih.gov/sos5/sra-pub-zq-14/SRR010/10803/SRR10803352/SRR10803352.lite.1,SRX7477146,mid20,AMPLICON,PCR,METAGENOMIC,SINGLE,0,0,ION_TORRENT,Ion Torrent PGM,SRP239048,PRJNA596613,,596613,SRS5920776,SAMN13698574,simple,1447863,clinical metagenome,mid20,,,,,,,no,,,,,"MANIPAL SCHOOL OF LIFE SCIENCES, MANIPAL ACADEMY OF HIGHER EDUCATION",SRA1017661,,public,2012DF7D520912F2D46C6B4ED2C99DB4,AF3D305DED423D85C716C596C251C97B
SRR10803351,2020-02-04 22:21:11,2019-12-30 08:31:53,307679,65117238,0,211,47,,https://sra-downloadb.be-md.ncbi.nlm.nih.gov/sos5/sra-pub-zq-14/SRR010/10803/SRR10803351/SRR10803351.lite.1,SRX7477147,mid50,AMPLICON,PCR,METAGENOMIC,SINGLE,0,0,ION_TORRENT,Ion Torrent PGM,SRP239048,PRJNA596613,,596613,SRS5920777,SAMN13698604,simple,1447863,clinical metagenome,mid50,,,,,,,no,,,,,"MANIPAL SCHOOL OF LIFE SCIENCES, MANIPAL ACADEMY OF HIGHER EDUCATION",SRA1017661,,public,D3F6A200E35BBB4CDEC3F23C168FC484,2ABBC5A82D383C67989C958465CE2D65
SRR10803349,2020-02-04 22:21:11,2019-12-30 08:31:44,578032,122303840,0,211,89,,https://sra-downloadb.be-md.ncbi.nlm.nih.gov/sos5/sra-pub-zq-16/SRR010/10803/SRR10803349/SRR10803349.lite.1,SRX7477149,mid51,AMPLICON,PCR,METAGENOMIC,SINGLE,0,0,ION_TORRENT,Ion Torrent PGM,SRP239048,PRJNA596613,,596613,SRS5920779,SAMN13698605,simple,1447863,clinical metagenome,mid51,,,,,,,no,,,,,"MANIPAL SCHOOL OF LIFE SCIENCES, MANIPAL ACADEMY OF HIGHER EDUCATION",SRA1017661,,public,3621D1D2B84FAA1BF8263BC186F55151,4F4290B50DB9F87AF35B89CB00997B84
SRR10803348,2020-02-04 22:21:11,2019-12-30 08:31:46,484044,105495801,0,217,75,,https://sra-downloadb.be-md.ncbi.nlm.nih.gov/sos5/sra-pub-zq-14/SRR010/10803/SRR10803348/SRR10803348.lite.1,SRX7477150,mid52,AMPLICON,PCR,METAGENOMIC,SINGLE,0,0,ION_TORRENT,Ion Torrent PGM,SRP239048,PRJNA596613,,596613,SRS5920780,SAMN13698606,simple,1447863,clinical metagenome,mid52,,,,,,,no,,,,,"MANIPAL SCHOOL OF LIFE SCIENCES, MANIPAL ACADEMY OF HIGHER EDUCATION",SRA1017661,,public,720C179E401002D9F6BB69CEDFC5555A,A3ED8A65A9D2E2D812BAF809561CA9C2
SRR10803350,2020-02-04 22:21:11,2019-12-30 08:32:02,723689,173200433,0,239,117,,https://sra-downloadb.be-md.ncbi.nlm.nih.gov/sos5/sra-pub-zq-14/SRR010/10803/SRR10803350/SRR10803350.lite.1,SRX7477148,mid6,AMPLICON,PCR,METAGENOMIC,SINGLE,0,0,ION_TORRENT,Ion Torrent PGM,SRP239048,PRJNA596613,,596613,SRS5920778,SAMN13698560,simple,1447863,clinical metagenome,mid6,,,,,,,no,,,,,"MANIPAL SCHOOL OF LIFE SCIENCES, MANIPAL ACADEMY OF HIGHER EDUCATION",SRA1017661,,public,F77F90B51E0E71F81A67BEA04E260B12,1C1B3E24F6B99A4C0E9A2D031AD404FC
SRR10803357,2020-02-04 22:21:10,2019-12-30 08:32:11,581872,140131317,0,240,94,,https://sra-downloadb.be-md.ncbi.nlm.nih.gov/sos5/sra-pub-zq-14/SRR010/10803/SRR10803357/SRR10803357.lite.1,SRX7477141,mid15,AMPLICON,PCR,METAGENOMIC,SINGLE,0,0,ION_TORRENT,Ion Torrent PGM,SRP239048,PRJNA596613,,596613,SRS5920771,SAMN13698569,simple,1447863,clinical metagenome,mid15,,,,,,,no,,,,,"MANIPAL SCHOOL OF LIFE SCIENCES, MANIPAL ACADEMY OF HIGHER EDUCATION",SRA1017661,,public,8118E5CEAE7263C7D02D965D697E7A4B,55ECC96FB8795C70275793097F1B2B98
SRR10803356,2020-02-04 22:21:10,2019-12-30 08:32:07,329804,76111600,0,230,52,,https://sra-downloadb.be-md.ncbi.nlm.nih.gov/sos5/sra-pub-zq-14/SRR010/10803/SRR10803356/SRR10803356.lite.1,SRX7477142,mid16,AMPLICON,PCR,METAGENOMIC,SINGLE,0,0,ION_TORRENT,Ion Torrent PGM,SRP239048,PRJNA596613,,596613,SRS5920772,SAMN13698570,simple,1447863,clinical metagenome,mid16,,,,,,,no,,,,,"MANIPAL SCHOOL OF LIFE SCIENCES, MANIPAL ACADEMY OF HIGHER EDUCATION",SRA1017661,,public,0B76C2D41BB0A0FBBFF6FA4D5F24F9B7,A13D3A385B1AE19E36120EE99939D8FC
SRR10803355,2020-02-04 22:21:10,2019-12-30 08:31:56,407625,89602190,0,219,65,,https://sra-downloadb.be-md.ncbi.nlm.nih.gov/sos5/sra-pub-zq-14/SRR010/10803/SRR10803355/SRR10803355.lite.1,SRX7477143,mid17,AMPLICON,PCR,METAGENOMIC,SINGLE,0,0,ION_TORRENT,Ion Torrent PGM,SRP239048,PRJNA596613,,596613,SRS5920773,SAMN13698571,simple,1447863,clinical metagenome,mid17,,,,,,,no,,,,,"MANIPAL SCHOOL OF LIFE SCIENCES, MANIPAL ACADEMY OF HIGHER EDUCATION",SRA1017661,,public,283C693C1B0DC15FD94E5D027D5F6161,F017BA7D3B4E0DC7B1E51CA8CC99FAD4
SRR10803354,2020-02-04 22:21:10,2019-12-30 08:32:00,351392,86408885,0,245,59,,https://sra-downloadb.be-md.ncbi.nlm.nih.gov/sos5/sra-pub-zq-14/SRR010/10803/SRR10803354/SRR10803354.lite.1,SRX7477144,mid18,AMPLICON,PCR,METAGENOMIC,SINGLE,0,0,ION_TORRENT,Ion Torrent PGM,SRP239048,PRJNA596613,,596613,SRS5920774,SAMN13698572,simple,1447863,clinical metagenome,mid18,,,,,,,no,,,,,"MANIPAL SCHOOL OF LIFE SCIENCES, MANIPAL ACADEMY OF HIGHER EDUCATION",SRA1017661,,public,1D1F75102BC7933A14E3C75574F72D47,00B19B368FFF8426628B1E3EF34B2392
SRR10803353,2020-02-04 22:21:11,2019-12-30 08:31:52,79248,20067960,0,253,13,,https://sra-downloadb.be-md.ncbi.nlm.nih.gov/sos5/sra-pub-zq-14/SRR010/10803/SRR10803353/SRR10803353.lite.1,SRX7477145,mid19,AMPLICON,PCR,METAGENOMIC,SINGLE,0,0,ION_TORRENT,Ion Torrent PGM,SRP239048,PRJNA596613,,596613,SRS5920775,SAMN13698573,simple,1447863,clinical metagenome,mid19,,,,,,,no,,,,,"MANIPAL SCHOOL OF LIFE SCIENCES, MANIPAL ACADEMY OF HIGHER EDUCATION",SRA1017661,,public,55E0B58168B1A62D0367876B82CE9A7A,C27E104219B3609728BE1975A0645643
SRR10803362,2020-02-04 22:21:10,2019-12-30 08:32:20,274016,55338711,0,201,41,,https://sra-downloadb.be-md.ncbi.nlm.nih.gov/sos5/sra-pub-zq-14/SRR010/10803/SRR10803362/SRR10803362.lite.1,SRX7477136,mid120,AMPLICON,PCR,METAGENOMIC,SINGLE,0,0,ION_TORRENT,Ion Torrent PGM,SRP239048,PRJNA596613,,596613,SRS5920766,SAMN13698674,simple,1447863,clinical metagenome,mid120,,,,,,,no,,,,,"MANIPAL SCHOOL OF LIFE SCIENCES, MANIPAL ACADEMY OF HIGHER EDUCATION",SRA1017661,,public,6AB7B8177B8AB21097C8E988BBB2DD4C,EA5F70D078DD5EFE48D1590E520E5BF5
SRR10803361,2020-02-04 22:21:10,2019-12-30 08:32:38,766405,185042405,0,241,128,,https://sra-downloadb.be-md.ncbi.nlm.nih.gov/sos5/sra-pub-zq-16/SRR010/10803/SRR10803361/SRR10803361.lite.1,SRX7477137,mid13,AMPLICON,PCR,METAGENOMIC,SINGLE,0,0,ION_TORRENT,Ion Torrent PGM,SRP239048,PRJNA596613,,596613,SRS5920767,SAMN13698567,simple,1447863,clinical metagenome,mid13,,,,,,,no,,,,,"MANIPAL SCHOOL OF LIFE SCIENCES, MANIPAL ACADEMY OF HIGHER EDUCATION",SRA1017661,,public,D550E6DE880437246C68DA92A1412173,5A5BC4935D9955C137D15039131284FB
SRR10803360,2020-02-04 22:21:10,2019-12-30 08:32:22,483186,118018111,0,244,80,,https://sra-downloadb.be-md.ncbi.nlm.nih.gov/sos5/sra-pub-zq-16/SRR010/10803/SRR10803360/SRR10803360.lite.1,SRX7477138,mid121,AMPLICON,PCR,METAGENOMIC,SINGLE,0,0,ION_TORRENT,Ion Torrent PGM,SRP239048,PRJNA596613,,596613,SRS5920768,SAMN13698675,simple,1447863,clinical metagenome,mid121,,,,,,,no,,,,,"MANIPAL SCHOOL OF LIFE SCIENCES, MANIPAL ACADEMY OF HIGHER EDUCATION",SRA1017661,,public,05888127480D1447BB1C73586B120238,5D6FB88336CE6B4645D9A11670A62BB0
SRR10803359,2020-02-04 22:21:10,2019-12-30 08:32:22,553845,129088270,0,233,88,,https://sra-downloadb.be-md.ncbi.nlm.nih.gov/sos5/sra-pub-zq-16/SRR010/10803/SRR10803359/SRR10803359.lite.1,SRX7477139,mid122,AMPLICON,PCR,METAGENOMIC,SINGLE,0,0,ION_TORRENT,Ion Torrent PGM,SRP239048,PRJNA596613,,596613,SRS5920769,SAMN13698676,simple,1447863,clinical metagenome,mid122,,,,,,,no,,,,,"MANIPAL SCHOOL OF LIFE SCIENCES, MANIPAL ACADEMY OF HIGHER EDUCATION",SRA1017661,,public,62605287E8B1E27F4DF743BEC8E1D38A,273BF1C5A35C8A653D74CF0950B7FB8E
SRR10803358,2020-02-04 22:21:10,2019-12-30 08:32:15,436288,99095387,0,227,68,,https://sra-downloadb.be-md.ncbi.nlm.nih.gov/sos5/sra-pub-zq-14/SRR010/10803/SRR10803358/SRR10803358.lite.1,SRX7477140,mid14,AMPLICON,PCR,METAGENOMIC,SINGLE,0,0,ION_TORRENT,Ion Torrent PGM,SRP239048,PRJNA596613,,596613,SRS5920770,SAMN13698568,simple,1447863,clinical metagenome,mid14,,,,,,,no,,,,,"MANIPAL SCHOOL OF LIFE SCIENCES, MANIPAL ACADEMY OF HIGHER EDUCATION",SRA1017661,,public,4734F1824688989AB9F77AF4844BAC81,1CB68FE407071CF761CAFD3FF9DBD37D
SRR10803367,2020-02-04 22:21:10,2019-12-30 08:32:30,252394,51261343,0,203,38,,https://sra-downloadb.be-md.ncbi.nlm.nih.gov/sos5/sra-pub-zq-16/SRR010/10803/SRR10803367/SRR10803367.lite.1,SRX7477131,mid115,AMPLICON,PCR,METAGENOMIC,SINGLE,0,0,ION_TORRENT,Ion Torrent PGM,SRP239048,PRJNA596613,,596613,SRS5920761,SAMN13698669,simple,1447863,clinical metagenome,mid115,,,,,,,no,,,,,"MANIPAL SCHOOL OF LIFE SCIENCES, MANIPAL ACADEMY OF HIGHER EDUCATION",SRA1017661,,public,9E40E893AD6F3822DE4AD7E5C28F546D,1DBB4D59D312BCE609C36D3C8A6E9879
SRR10803366,2020-02-04 22:21:10,2019-12-30 08:32:25,128134,25957706,0,202,19,,https://sra-downloadb.be-md.ncbi.nlm.nih.gov/sos5/sra-pub-zq-16/SRR010/10803/SRR10803366/SRR10803366.lite.1,SRX7477132,mid116,AMPLICON,PCR,METAGENOMIC,SINGLE,0,0,ION_TORRENT,Ion Torrent PGM,SRP239048,PRJNA596613,,596613,SRS5920762,SAMN13698670,simple,1447863,clinical metagenome,mid116,,,,,,,no,,,,,"MANIPAL SCHOOL OF LIFE SCIENCES, MANIPAL ACADEMY OF HIGHER EDUCATION",SRA1017661,,public,FAD9BFB762CC9F0FE8D1D285AF88BEB1,0FF50B7B10EA1429FB0E86192613B678
SRR10803365,2020-02-04 22:21:10,2019-12-30 08:32:25,233975,45460269,0,194,34,,https://sra-downloadb.be-md.ncbi.nlm.nih.gov/sos5/sra-pub-zq-16/SRR010/10803/SRR10803365/SRR10803365.lite.1,SRX7477133,mid117,AMPLICON,PCR,METAGENOMIC,SINGLE,0,0,ION_TORRENT,Ion Torrent PGM,SRP239048,PRJNA596613,,596613,SRS5920763,SAMN13698671,simple,1447863,clinical metagenome,mid117,,,,,,,no,,,,,"MANIPAL SCHOOL OF LIFE SCIENCES, MANIPAL ACADEMY OF HIGHER EDUCATION",SRA1017661,,public,18431670720BDD71F7244333E5798186,DB7C7A86B718BE97C4CA83CC8FBA0E6C
SRR10803364,2020-02-04 22:21:10,2019-12-30 08:32:23,214450,43496147,0,202,32,,https://sra-downloadb.be-md.ncbi.nlm.nih.gov/sos5/sra-pub-zq-16/SRR010/10803/SRR10803364/SRR10803364.lite.1,SRX7477134,mid118,AMPLICON,PCR,METAGENOMIC,SINGLE,0,0,ION_TORRENT,Ion Torrent PGM,SRP239048,PRJNA596613,,596613,SRS5920764,SAMN13698672,simple,1447863,clinical metagenome,mid118,,,,,,,no,,,,,"MANIPAL SCHOOL OF LIFE SCIENCES, MANIPAL ACADEMY OF HIGHER EDUCATION",SRA1017661,,public,58812F5E7E46ECADC5783AEF1295C96F,B63A5C009E3FA4C0C29E0F906E34861E
SRR10803363,2020-02-04 22:21:10,2019-12-30 08:32:16,187293,36129213,0,192,27,,https://sra-downloadb.be-md.ncbi.nlm.nih.gov/sos5/sra-pub-zq-14/SRR010/10803/SRR10803363/SRR10803363.lite.1,SRX7477135,mid119,AMPLICON,PCR,METAGENOMIC,SINGLE,0,0,ION_TORRENT,Ion Torrent PGM,SRP239048,PRJNA596613,,596613,SRS5920765,SAMN13698673,simple,1447863,clinical metagenome,mid119,,,,,,,no,,,,,"MANIPAL SCHOOL OF LIFE SCIENCES, MANIPAL ACADEMY OF HIGHER EDUCATION",SRA1017661,,public,460ACFD92980864AB8156A49851CF292,E5C66A24DCE76FFBDAF9E6028704660D
SRR10803369,2020-02-04 22:21:11,2019-12-30 08:32:31,249311,47113657,0,188,35,,https://sra-downloadb.be-md.ncbi.nlm.nih.gov/sos5/sra-pub-zq-16/SRR010/10803/SRR10803369/SRR10803369.lite.1,SRX7477129,mid1,AMPLICON,PCR,METAGENOMIC,SINGLE,0,0,ION_TORRENT,Ion Torrent PGM,SRP239048,PRJNA596613,,596613,SRS5920759,SAMN13698555,simple,1447863,clinical metagenome,mid1,,,,,,,no,,,,,"MANIPAL SCHOOL OF LIFE SCIENCES, MANIPAL ACADEMY OF HIGHER EDUCATION",SRA1017661,,public,7CB93C88A821237681FF547000B05A4F,D54CB734D57DF48BA0F805C3D9887278
SRR10803368,2020-02-04 22:21:10,2019-12-30 08:32:28,153842,29367865,0,190,22,,https://sra-downloadb.be-md.ncbi.nlm.nih.gov/sos5/sra-pub-zq-16/SRR010/10803/SRR10803368/SRR10803368.lite.1,SRX7477130,mid2,AMPLICON,PCR,METAGENOMIC,SINGLE,0,0,ION_TORRENT,Ion Torrent PGM,SRP239048,PRJNA596613,,596613,SRS5920760,SAMN13698556,simple,1447863,clinical metagenome,mid2,,,,,,,no,,,,,"MANIPAL SCHOOL OF LIFE SCIENCES, MANIPAL ACADEMY OF HIGHER EDUCATION",SRA1017661,,public,1FC4219DAAB8559617A25FFC046C13FD,6DCA4F163FB3D719629FE5D0516F7323
